,Pred,True,%
0,"[14, 16]","[14, 16]",100.0
1,"[25, 8, 16, 7, 18]","[22, 52]",0.0
2,"[8, 20, 19]","[8, 20, 19]",100.0
3,"[18, 1, 1, 1, 1, 20, 4, 3, 13, 10, 6, 21, 3, 11]","[57, 56]",0.0
4,"[25, 19]","[16, 9, 19]",0.0
5,[29],"[11, 18]",0.0
6,[21],"[6, 15]",0.0
7,"[4, 4, 18]","[13, 13]",0.0
8,"[3, 5, 3, 13]","[3, 21]",25.0
9,"[10, 2, 2, 13, 22, 1, 16, 29]","[78, 17]",0.0
10,[16],"[9, 7]",0.0
11,"[2, 14, 9, 40, 3, 37]","[25, 43, 37]",0.0
12,"[2, 14, 9, 40, 3, 37]","[25, 43, 37]",0.0
13,"[13, 27]","[6, 34]",0.0
14,[22],"[9, 13]",0.0
15,"[16, 1, 1, 56]","[44, 30]",0.0
16,"[11, 12, 20, 1, 1, 1, 11, 2, 1, 7, 23]","[78, 13]",0.0
17,"[11, 12, 20, 1, 1, 1, 11, 2, 1, 7, 23]","[78, 13]",0.0
18,"[17, 5]","[17, 5]",100.0
19,"[2, 10]","[2, 10]",100.0
20,"[29, 4, 20]","[16, 37]",0.0
21,"[10, 10, 13]","[10, 10, 13]",100.0
22,"[3, 8, 12]","[3, 11, 9]",33.33333333333333
23,[25],"[14, 11]",0.0
24,"[1, 10]","[1, 10]",100.0
25,"[1, 10, 12]","[1, 10, 12]",100.0
26,[32],"[22, 10]",0.0
27,"[8, 4, 4, 3, 29]","[22, 26]",0.0
28,"[16, 27, 12, 7]","[43, 19]",0.0
29,"[11, 10, 13]","[21, 13]",0.0
30,"[3, 12, 17, 15, 11, 8]","[29, 29, 8]",0.0
31,"[8, 10, 2, 3, 1, 13, 0]","[24, 13]",0.0
32,[20],"[9, 11]",0.0
33,"[3, 31, 15]","[35, 14]",0.0
34,[26],"[11, 15]",0.0
35,"[22, 21]","[22, 21]",100.0
36,"[23, 33, 15]","[23, 48]",33.33333333333333
37,"[7, 3, 13]","[15, 8]",0.0
38,"[11, 1, 4, 8, 6, 17]","[16, 31]",0.0
39,"[23, 4, 3, 37, 7]","[40, 34]",0.0
40,"[30, 16]","[22, 24]",0.0
41,"[17, 8, 3]","[17, 11]",33.33333333333333
42,"[13, 9, 4, 7]","[21, 12]",0.0
43,[27],"[20, 7]",0.0
44,"[2, 12, 19, 25]","[14, 44]",0.0
45,[40],"[30, 10]",0.0
46,[27],"[18, 9]",0.0
47,[36],"[25, 11]",0.0
48,[32],"[10, 22]",0.0
49,"[19, 16]","[27, 8]",0.0
50,"[16, 8, 8]","[16, 16]",33.33333333333333
51,"[9, 9, 2, 3, 11, 1, 5]","[18, 22]",0.0
52,"[3, 2, 16, 6, 11]","[31, 7]",0.0
53,[61],"[19, 42]",0.0
54,"[20, 27, 14, 3, 8, 8, 4, 3, 7]","[32, 62]",0.0
55,"[12, 7, 11]","[12, 18]",33.33333333333333
56,"[25, 16, 6, 5, 5, 40, 10, 7, 13, 19]","[31, 33, 29, 53]",0.0
57,"[10, 7, 5, 4, 16]","[7, 10, 9, 16]",0.0
58,"[10, 36, 2]","[10, 27, 11]",33.33333333333333
59,"[4, 19]","[18, 5]",0.0
60,"[28, 3, 13, 10]","[20, 4, 30]",0.0
61,"[7, 10, 24]","[17, 5, 7, 3, 9]",0.0
62,"[3, 3, 1, 15, 3]","[16, 9]",0.0
63,[18],"[8, 10]",0.0
64,"[2, 28]","[2, 28]",100.0
65,"[41, 16, 6, 23]","[21, 36, 23, 6]",0.0
66,"[13, 7, 3, 14, 6, 18]","[17, 20, 24]",0.0
67,"[8, 15]","[8, 15]",100.0
68,[22],"[13, 9]",0.0
69,"[19, 4, 6]","[8, 21]",0.0
70,"[6, 14, 10, 3, 4, 5]","[18, 2, 22]",0.0
71,"[8, 7, 10, 24, 58]","[91, 16]",0.0
72,"[1, 1, 43, 19]","[2, 15, 6, 3, 9, 10, 19]",0.0
73,"[14, 25]","[14, 5, 11, 9]",50.0
74,"[4, 18, 5, 1]","[4, 18, 6]",50.0
75,"[40, 5, 8]","[10, 26, 17]",0.0
76,"[5, 5, 5, 9, 21, 12, 12]","[5, 5, 35, 2, 22]",28.57142857142857
77,"[16, 23, 28, 4, 24]","[11, 5, 17, 62]",0.0
78,[25],"[10, 15]",0.0
79,"[3, 23]","[6, 10, 3, 7]",0.0
80,"[3, 24, 23, 24, 23]","[50, 24, 23]",40.0
81,[33],"[3, 11, 19]",0.0
82,"[15, 25]","[5, 10, 25]",0.0
83,"[18, 21, 11]","[39, 2, 9]",0.0
84,"[16, 11, 4]","[12, 19]",0.0
85,"[8, 14, 2, 3, 20, 11, 6, 3]","[8, 16, 43]",12.5
86,"[17, 3, 1, 8]","[15, 14]",0.0
87,"[3, 20, 15, 14, 9]","[23, 38]",0.0
88,[19],"[8, 11]",0.0
89,"[5, 6, 5, 19]","[5, 12, 7, 12]",25.0
90,"[1, 8]","[1, 8]",100.0
91,"[11, 5, 1, 1, 26, 14, 17, 19, 10]","[11, 7, 26, 14, 46]",11.11111111111111
92,"[9, 23, 3, 21]","[6, 3, 47]",0.0
93,[19],"[11, 1, 7]",0.0
94,[20],"[3, 17]",0.0
95,"[14, 15, 11, 6, 4, 8]","[14, 26, 18]",16.666666666666664
96,"[8, 20, 5, 12, 15, 7]","[1, 18, 14, 12, 22]",16.666666666666664
97,"[2, 9, 30, 1, 34]","[55, 11, 13]",0.0
98,"[26, 10, 3, 10]","[17, 32]",0.0
99,[36],"[8, 6, 10, 12]",0.0
100,"[1, 15, 35]","[1, 50]",33.33333333333333
101,[14],"[5, 9]",0.0
102,"[6, 8, 14, 8, 1, 1, 14, 6]","[18, 40]",0.0
103,"[6, 9]","[6, 9]",100.0
104,"[9, 15]","[9, 15]",100.0
105,[12],"[5, 7]",0.0
106,[36],"[21, 15]",0.0
107,"[14, 11, 4]","[14, 15]",33.33333333333333
108,[29],"[14, 15]",0.0
109,"[22, 2]","[12, 4, 6, 2]",0.0
110,"[21, 8]","[21, 8]",100.0
111,"[45, 22, 11]","[23, 7, 25, 13, 3, 8]",0.0
112,"[10, 17]","[10, 17]",100.0
113,[41],"[3, 7, 15, 5, 11]",0.0
114,[18],"[12, 6]",0.0
115,"[18, 8, 12]","[7, 19, 12]",33.33333333333333
116,"[8, 17, 10, 7, 17, 14]","[62, 11]",0.0
117,[22],"[12, 10]",0.0
118,"[3, 6]","[3, 6]",100.0
119,"[12, 6]","[6, 12]",0.0
120,"[4, 1, 8]","[5, 8]",0.0
121,"[6, 19, 8, 4, 1, 1, 1]","[6, 34]",14.285714285714285
122,"[7, 23]","[7, 16, 7]",50.0
123,"[4, 2]","[4, 2]",100.0
124,"[3, 14]","[3, 14]",100.0
125,"[12, 27, 40, 19]","[5, 7, 41, 22, 4, 5, 14]",0.0
126,[8],"[1, 7]",0.0
127,"[19, 3, 7]","[9, 15, 7]",33.33333333333333
128,"[16, 19, 3, 4, 7]","[17, 12, 7, 14]",0.0
129,"[5, 25, 18, 2, 3, 3, 4, 4]","[56, 8]",0.0
130,[55],"[14, 32, 9]",0.0
131,"[10, 10, 6, 8]","[6, 28]",0.0
132,"[21, 16]","[21, 16]",100.0
133,"[17, 12]","[17, 12]",100.0
134,[27],"[19, 8]",0.0
135,"[3, 7, 9, 19]","[3, 7, 9, 8, 11]",75.0
136,"[15, 8, 5, 15, 6, 11, 14]","[49, 11, 14]",0.0
137,"[20, 5, 1, 1, 6, 27]","[36, 8, 16]",0.0
138,"[10, 8]","[10, 8]",100.0
139,"[9, 7]","[9, 7]",100.0
140,"[7, 3, 3, 7]","[10, 10]",0.0
141,"[10, 6, 10, 7, 5]","[16, 22]",0.0
142,[13],"[5, 8]",0.0
143,"[3, 8, 9]","[3, 8, 9]",100.0
144,"[7, 23]","[7, 5, 18]",50.0
145,"[27, 11]","[18, 9, 11]",0.0
146,"[4, 16, 5]","[20, 5]",0.0
147,"[3, 5, 19, 8]","[32, 3]",0.0
148,[22],"[4, 6, 12]",0.0
149,"[8, 15, 0]","[8, 15]",66.66666666666666
150,[24],"[6, 11, 7]",0.0
151,"[3, 2, 5]","[1, 9]",0.0
152,[17],"[8, 9]",0.0
153,"[3, 6]","[7, 2]",0.0
154,[8],"[5, 3]",0.0
155,"[14, 16, 9, 12]","[30, 4, 17]",0.0
156,[6],"[3, 3]",0.0
157,"[9, 14]","[9, 8, 6]",50.0
158,[27],"[6, 21]",0.0
159,"[10, 3]","[10, 3]",100.0
160,"[8, 15, 17]","[23, 17]",0.0
161,"[13, 36]","[31, 18]",0.0
162,"[11, 9]","[5, 6, 9]",0.0
163,[13],"[1, 12]",0.0
164,"[15, 10]","[15, 4, 6]",50.0
165,"[4, 4, 10, 13]","[13, 12, 6]",0.0
166,[38],"[9, 9, 11, 9]",0.0
167,"[5, 8]","[5, 8]",100.0
168,[28],"[12, 3, 8, 5]",0.0
169,[38],"[14, 8, 16]",0.0
170,[21],"[16, 5]",0.0
171,"[18, 2, 5]","[15, 3, 7]",0.0
172,"[9, 5]","[9, 5]",100.0
173,"[15, 13, 6]","[24, 4, 6]",33.33333333333333
174,"[19, 12]","[19, 12]",100.0
175,[5],"[3, 2]",0.0
176,[19],"[9, 5, 5]",0.0
177,"[1, 3, 6, 8]","[4, 6, 8]",0.0
178,[25],"[12, 13]",0.0
179,"[13, 13, 2, 7, 32]","[14, 44, 11]",0.0
180,"[27, 6, 19]","[22, 30]",0.0
181,"[22, 9, 23, 5]","[32, 12, 12, 5]",25.0
182,"[4, 2, 12, 8]","[13, 13]",0.0
183,"[11, 12, 5]","[11, 17]",33.33333333333333
184,[11],"[5, 6]",0.0
185,[30],"[20, 10]",0.0
186,"[27, 11, 23]","[50, 11]",33.33333333333333
187,"[15, 64, 7, 33, 41, 21, 42]","[198, 24]",0.0
188,"[10, 3, 7, 3, 14, 7, 12, 11]","[18, 49]",0.0
189,"[7, 25, 10]","[15, 27]",0.0
190,"[7, 6, 3]","[7, 9]",33.33333333333333
191,"[3, 4, 33]","[33, 6]",0.0
192,"[13, 5, 14, 4, 7]","[20, 27]",0.0
193,"[12, 6, 4, 4, 4, 4]","[12, 21]",16.666666666666664
194,"[4, 2, 3, 3, 3, 4, 8, 7, 3, 2, 14, 11, 3, 16, 14, 16]","[83, 11, 19]",0.0
195,"[5, 7, 14]","[17, 9]",0.0
196,"[3, 7, 18, 7, 14, 20, 4, 4, 6, 2, 10, 5, 2, 10, 0]","[80, 21, 10]",0.0
197,"[11, 5, 2, 7, 4, 10]","[25, 14]",0.0
198,"[6, 15, 4, 7, 5, 11, 3, 1, 2, 11]","[52, 13]",0.0
199,"[4, 1, 3, 5, 5, 10, 4, 6, 3, 9, 3, 1, 6, 16, 5, 14, 4, 14, 4, 6, 3, 9, 3, 1, 6, 11]","[92, 10, 53]",0.0
200,"[4, 7, 3, 12, 8, 7, 1, 2, 4, 7]","[4, 36, 15]",10.0
201,"[4, 22, 8, 7, 3]","[41, 3]",0.0
202,"[0, 4, 24]","[15, 14]",0.0
203,"[10, 8, 8, 8, 3, 17, 17]","[39, 11, 11, 10]",0.0
204,"[12, 6, 11, 8, 11, 1, 2, 4, 5, 2, 2, 4, 2, 8, 3, 4, 1, 4, 17, 2, 3, 13, 2, 2, 5, 4, 5, 4, 7]","[132, 22]",0.0
205,"[14, 3, 10, 10, 12, 10]","[27, 30]",0.0
206,"[6, 16, 12, 9]","[11, 11, 21]",0.0
207,"[19, 9]","[9, 9, 10]",50.0
208,"[23, 1, 21, 4, 5, 22]","[26, 47]",0.0
209,"[21, 8, 13]","[21, 20]",33.33333333333333
210,"[3, 3, 8, 9, 18, 10, 4, 4, 12, 7, 7, 16, 3, 6, 12, 6, 10, 11, 14, 16, 7, 12, 6, 8, 6, 4, 7, 12, 4, 12, 12, 6, 10, 5, 8, 15, 16, 6, 5, 15, 10, 2]","[346, 26]",0.0
211,"[0, 21, 10, 15, 7, 18, 4, 5, 2, 11, 12, 14, 59, 6, 9, 8, 10]","[11, 36, 148, 18]",0.0
212,"[29, 3, 27, 20, 14, 49, 43, 4, 16, 13, 1]","[205, 14]",0.0
213,"[4, 14, 13, 5]","[15, 21]",0.0
214,"[7, 7, 6, 11]","[20, 11]",0.0
215,"[8, 6, 5, 6, 18, 1]","[19, 24]",0.0
216,"[13, 3, 3, 13, 8, 7, 6, 10, 2, 12, 3, 4, 15, 2, 7, 4, 10, 9]","[93, 38]",0.0
217,"[5, 18, 6, 3, 5, 8, 13, 9, 4, 4, 10, 3, 2, 9]","[37, 21, 41]",0.0
218,"[6, 2, 17, 5, 11, 7, 12, 10, 7, 2]","[8, 52, 19]",0.0
219,"[11, 7, 21, 4, 7, 0]","[11, 38]",16.666666666666664
220,"[11, 13, 7, 7, 4, 8, 4, 10]","[37, 28]",0.0
221,"[12, 12, 11, 4]","[12, 27]",25.0
222,"[14, 9, 18]","[23, 18]",0.0
223,"[14, 9, 20, 19, 26, 8, 21, 22, 8, 7]","[43, 111]",0.0
224,"[4, 2, 7, 5, 8]","[13, 13]",0.0
225,"[9, 4, 6, 6, 1, 5, 6, 27, 3, 1, 5, 6, 12, 2, 11, 5, 4, 5, 3, 1, 42, 18, 3]","[9, 28, 7, 20, 15, 30, 55, 21]",4.3478260869565215
226,"[4, 8, 2, 4, 5, 12, 7, 11, 6, 26, 5, 10]","[30, 12, 30, 28]",0.0
227,"[9, 2, 5, 12, 9, 13, 2, 13, 10, 15, 5]","[31, 23, 43]",0.0
228,"[10, 11]","[18, 3]",0.0
229,"[8, 9, 21]","[17, 21]",0.0
230,[35],"[18, 17]",0.0
231,"[4, 22, 4, 2]","[26, 6]",0.0
232,"[15, 26, 19]","[41, 19]",0.0
233,"[4, 7, 4]","[11, 4]",0.0
234,"[4, 6, 3, 9, 12, 10, 1, 3]","[4, 44]",12.5
235,"[7, 3, 14, 2, 11, 8, 11, 11]","[60, 7]",0.0
236,"[15, 11, 13, 1]","[18, 22]",0.0
237,"[5, 9, 3, 11, 5, 3, 11, 7, 8, 16, 9]","[17, 30, 40]",0.0
238,"[17, 5, 14, 5, 3, 5, 7, 2, 5, 17]","[17, 65]",10.0
239,"[7, 21, 25, 3, 27, 10, 11, 10, 15, 7, 18, 4, 5, 2, 1]","[28, 55, 46, 25, 11]",0.0
240,"[5, 11, 9, 10]","[16, 19]",0.0
241,"[12, 7, 7, 10, 5]","[19, 22]",0.0
242,"[27, 8]","[27, 8]",100.0
243,"[4, 7, 4, 15]","[4, 7, 4, 15]",100.0
244,"[16, 27, 4]","[16, 31]",33.33333333333333
245,[22],"[8, 14]",0.0
246,"[9, 6, 10, 2, 4, 7, 6]","[9, 22, 13]",14.285714285714285
247,"[17, 4, 7]","[21, 7]",0.0
248,"[7, 6, 21]","[7, 27]",33.33333333333333
249,"[7, 13, 22]","[16, 15, 11]",0.0
250,"[11, 17]","[11, 17]",100.0
251,"[6, 1, 9, 8, 6, 4, 10, 8]","[24, 28]",0.0
252,"[15, 1, 6, 2, 5]","[18, 6, 5]",0.0
253,"[3, 10, 5, 13, 15]","[13, 24, 9]",0.0
254,"[5, 3, 10, 2, 2, 7, 12]","[8, 33]",0.0
255,"[5, 10, 8, 3, 38, 47]","[26, 13, 25, 30, 17]",0.0
256,"[9, 16, 6, 5, 7, 17]","[25, 22, 13]",0.0
257,"[1, 4, 12, 4]","[10, 11]",0.0
258,"[17, 5, 3, 7, 15, 17, 8, 3, 9, 11]","[59, 36]",0.0
259,"[4, 11, 11]","[4, 22]",33.33333333333333
260,"[4, 6, 4, 6, 4, 5, 12, 6]","[29, 18]",0.0
261,"[3, 4, 40, 2, 5]","[38, 15]",0.0
262,"[47, 18]","[21, 44]",0.0
263,"[30, 1, 2]","[10, 23]",0.0
264,"[19, 17, 5, 18, 12, 2, 15]","[33, 55]",0.0
265,"[1, 5, 9, 2, 13, 3]","[20, 13]",0.0
266,"[4, 13, 10]","[17, 10]",0.0
267,"[11, 5, 10, 8, 2, 15, 5, 7, 8, 6, 3, 3]","[63, 20]",0.0
268,"[5, 24, 6, 9, 2]","[11, 35]",0.0
269,"[29, 5, 4, 11]","[9, 15, 5, 20]",0.0
270,"[1, 10, 16, 4, 5]","[31, 5]",0.0
271,"[7, 9, 6, 9]","[7, 24]",25.0
272,"[11, 7, 11, 7, 9, 6, 25]","[64, 12]",0.0
273,"[1, 7, 9, 25]","[32, 10]",0.0
274,"[2, 2, 4, 7, 6, 5, 1, 4]","[21, 10]",0.0
275,"[15, 6, 7]","[21, 7]",0.0
276,"[21, 17, 8, 10, 7, 10]","[38, 25, 10]",0.0
277,"[32, 11, 2, 1]","[14, 31]",0.0
278,"[4, 39]","[17, 26]",0.0
279,"[11, 11]","[15, 7]",0.0
280,"[23, 3, 10, 8, 19, 17]","[44, 19, 17]",0.0
281,"[9, 5, 6, 1, 3, 13]","[26, 11]",0.0
282,"[6, 8, 9, 4, 4, 4, 27, 1, 5, 8, 1, 5, 7, 3, 6, 3, 2, 32, 12, 7, 5, 3, 1, 1]","[135, 19, 8]",0.0
283,"[22, 3, 6, 6, 8]","[31, 14]",0.0
284,"[12, 7, 20, 19]","[12, 27, 19]",25.0
285,"[8, 35, 4, 7, 18]","[61, 11]",0.0
286,"[11, 32, 11, 47, 4, 4, 3, 15, 11, 5]","[127, 16]",0.0
287,"[4, 1, 2, 4, 2, 8, 13]","[21, 13]",0.0
288,"[15, 4, 4, 10, 5, 1]","[28, 11]",0.0
289,"[10, 12]","[10, 5, 7]",50.0
290,"[6, 11, 8, 4, 3, 5, 5, 5, 7]","[17, 37]",0.0
291,"[9, 17, 7, 3, 2, 5, 3, 3, 14, 2, 18]","[18, 65]",0.0
292,"[7, 9, 10]","[16, 10]",0.0
293,"[3, 1, 1, 1, 6, 4]","[12, 4]",0.0
294,"[8, 16]","[18, 6]",0.0
295,"[31, 5, 6, 4, 10, 1, 8]","[53, 12]",0.0
296,[40],"[18, 9, 13]",0.0
297,"[9, 10, 15]","[21, 13]",0.0
298,"[8, 15, 4, 1, 8, 5, 9, 9, 19, 5, 4, 5, 14]","[92, 14]",0.0
299,[28],"[18, 10]",0.0
300,"[10, 8]","[10, 8]",100.0
301,"[11, 12, 2, 2]","[11, 16]",25.0
302,[18],"[9, 9]",0.0
303,[23],"[10, 13]",0.0
304,"[6, 12, 9, 24]","[27, 24]",0.0
305,"[10, 1, 18, 6, 3, 11, 12]","[15, 46]",0.0
306,"[12, 4, 31]","[33, 14]",0.0
307,"[22, 19, 16]","[23, 34]",0.0
308,"[3, 2, 6, 9, 6, 11]","[11, 15, 11]",0.0
309,"[7, 14]","[7, 14]",100.0
310,"[7, 2, 1, 27, 19]","[37, 19]",0.0
311,"[18, 4, 19, 4, 3, 1, 9, 7]","[49, 16]",0.0
312,"[9, 11, 1, 1, 1, 15, 8]","[23, 23]",0.0
313,"[1, 6, 17, 1, 3, 6]","[22, 12]",0.0
314,"[21, 12]","[15, 18]",0.0
315,"[25, 15]","[19, 21]",0.0
316,"[16, 23]","[23, 16]",0.0
317,[22],"[8, 14]",0.0
318,"[2, 2, 3, 9, 7]","[16, 7]",0.0
319,"[3, 1, 2, 1, 22]","[9, 20]",0.0
320,"[42, 5]","[16, 15, 16]",0.0
321,"[20, 32]","[41, 11]",0.0
322,"[8, 13, 19]","[21, 6, 13]",0.0
323,"[10, 7, 9, 10, 6]","[17, 12, 13]",0.0
324,"[7, 4, 8]","[7, 12]",33.33333333333333
325,"[23, 22, 2, 8]","[42, 13]",0.0
326,"[5, 1, 27]","[15, 18]",0.0
327,"[11, 2, 2, 6, 27]","[25, 23]",0.0
328,"[8, 4, 5, 3, 4, 11, 2, 4, 1, 8, 11, 4]","[42, 23]",0.0
329,"[9, 5, 1, 14, 3]","[15, 17]",0.0
330,"[8, 7, 12, 2, 7]","[24, 12]",0.0
331,"[12, 3, 5, 5, 16]","[20, 5, 9, 7]",0.0
332,"[11, 13, 10]","[11, 13, 10]",100.0
333,"[18, 9, 4]","[9, 9, 13]",33.33333333333333
334,"[7, 9, 13, 4]","[16, 17]",0.0
335,"[19, 8, 2]","[19, 10]",33.33333333333333
336,"[2, 7, 11]","[13, 7]",33.33333333333333
337,"[2, 12, 7, 11, 1, 7]","[12, 28]",0.0
338,"[3, 7, 7, 9, 26]","[15, 12, 25]",0.0
339,"[11, 6, 16]","[11, 22]",33.33333333333333
340,"[11, 5, 4, 5, 1, 3, 11, 2, 5, 7]","[11, 42]",10.0
341,"[7, 5, 6, 10, 10, 4]","[28, 14]",0.0
342,[28],"[17, 11]",0.0
343,"[5, 39]","[24, 20]",0.0
344,"[8, 4, 37, 15, 3, 8, 11, 11, 19, 38]","[23, 28, 24, 41, 20, 18]",0.0
345,"[5, 28, 4]","[20, 17]",0.0
346,[35],"[23, 12]",0.0
347,"[15, 36, 10, 0]","[26, 35]",0.0
348,"[11, 17]","[14, 14]",0.0
349,"[9, 7, 20]","[16, 20]",0.0
350,"[12, 18, 9, 8, 9]","[39, 17]",0.0
351,"[26, 3, 10]","[13, 26]",0.0
352,"[13, 4, 2, 3]","[8, 14]",0.0
353,"[7, 14, 8, 11]","[29, 11]",0.0
354,"[5, 21, 10, 13]","[15, 34]",0.0
355,"[4, 10, 20, 8, 2, 8, 13, 0]","[52, 13]",0.0
356,"[6, 8, 9, 5]","[14, 14]",0.0
357,[23],"[9, 14]",0.0
358,"[6, 6, 4, 4, 4]","[12, 12]",0.0
359,"[12, 20, 6, 8, 13, 6, 13]","[12, 16, 4, 6, 8, 4, 9, 16, 3]",14.285714285714285
360,[32],"[8, 24]",0.0
361,"[13, 3, 7, 29]","[10, 13, 16, 13]",0.0
362,"[33, 5]","[21, 17]",0.0
363,"[30, 13]","[13, 17, 13]",0.0
364,"[7, 13, 24]","[14, 30]",0.0
365,[13],"[6, 7]",0.0
366,"[23, 31]","[23, 8, 23]",50.0
367,"[2, 4, 9, 8, 10, 4]","[24, 13]",0.0
368,[19],"[8, 11]",0.0
369,"[2, 33, 3, 5]","[12, 31]",0.0
370,"[5, 18, 3, 11, 15]","[20, 17, 15]",0.0
371,"[13, 2, 21, 5, 4, 6, 3, 1, 3, 7]","[15, 9, 41]",0.0
372,[86],"[13, 17, 14, 14, 15, 13]",0.0
373,"[7, 5, 21, 6]","[7, 32]",25.0
374,"[7, 3, 8, 10, 8, 8, 2]","[7, 21, 18]",14.285714285714285
375,"[14, 1, 6, 14]","[15, 20]",0.0
376,"[18, 20]","[18, 20]",100.0
377,"[2, 7, 17, 4, 12]","[9, 5, 11, 17]",0.0
378,"[2, 1, 12, 5]","[3, 12, 5]",0.0
379,"[14, 21]","[21, 14]",0.0
380,"[14, 31]","[11, 34]",0.0
381,[47],"[22, 25]",0.0
382,[13],"[5, 8]",0.0
383,"[2, 2, 1, 43]","[19, 29]",0.0
384,"[16, 16, 10, 1, 10]","[32, 21]",0.0
385,"[6, 4, 23, 9, 2, 17, 28]","[39, 11, 11, 9, 19]",14.285714285714285
386,"[33, 5, 21]","[22, 28, 9]",0.0
387,[46],"[22, 24]",0.0
388,"[27, 19]","[27, 7, 12]",50.0
389,"[21, 12, 31]","[16, 26, 22]",0.0
390,[58],"[36, 22]",0.0
391,[18],"[15, 3]",0.0
392,"[9, 2, 6, 12, 8]","[12, 5, 20]",0.0
393,"[16, 14]","[16, 14]",100.0
394,[34],"[20, 14]",0.0
395,"[8, 10, 16]","[8, 26]",33.33333333333333
396,"[18, 7, 37]","[31, 31]",0.0
397,[31],"[20, 11]",0.0
398,"[8, 13]","[8, 13]",100.0
399,"[10, 9, 8]","[10, 17]",33.33333333333333
400,"[23, 11, 7]","[23, 18]",33.33333333333333
401,"[3, 10, 20, 11]","[33, 11]",0.0
402,"[7, 23, 9]","[30, 9]",0.0
403,[25],"[10, 15]",0.0
404,"[11, 7, 18]","[22, 14]",0.0
405,"[5, 13, 12]","[18, 12]",0.0
406,"[5, 5, 12, 3, 9, 3, 8]","[22, 15, 8]",0.0
407,"[32, 22, 5]","[17, 15, 27]",0.0
408,"[30, 7, 20, 23]","[16, 41, 23]",0.0
409,"[14, 3, 12]","[17, 12]",0.0
410,"[11, 2, 17, 2, 7]","[28, 11]",0.0
411,"[13, 9, 6]","[13, 15]",33.33333333333333
412,"[8, 5, 19]","[23, 9]",0.0
413,"[11, 2, 22]","[14, 21]",0.0
414,"[21, 12, 37, 33]","[21, 12, 6, 10, 25, 29]",50.0
415,[38],"[17, 21]",0.0
416,"[14, 3, 1, 6]","[18, 6]",0.0
417,"[6, 3, 65, 1, 1]","[15, 28, 32]",0.0
418,"[8, 23]","[9, 22]",0.0
419,[18],"[10, 8]",0.0
420,"[18, 7, 5, 8, 13]","[30, 8, 13]",0.0
421,"[19, 14]","[19, 14]",100.0
422,"[37, 4, 3, 5, 3, 1, 0]","[37, 16]",14.285714285714285
423,"[6, 7, 28, 11]","[25, 27]",0.0
424,"[25, 40]","[54, 11]",0.0
425,"[16, 9]","[16, 9]",100.0
426,"[51, 2, 6, 10, 8, 5, 3]","[41, 18, 26]",0.0
427,"[13, 17, 7, 11, 13]","[30, 31]",0.0
428,"[6, 2, 9, 6, 10, 15]","[23, 25]",0.0
429,"[23, 22]","[23, 22]",100.0
430,"[18, 15, 7]","[33, 7]",0.0
431,[59],"[23, 12, 24]",0.0
432,"[3, 10, 19]","[13, 19]",0.0
433,"[4, 2, 16, 4]","[22, 4]",0.0
434,[46],"[30, 16]",0.0
435,"[12, 16]","[12, 16]",100.0
436,[61],"[21, 20, 20]",0.0
437,"[4, 8, 26]","[25, 13]",0.0
438,"[6, 8]","[6, 8]",100.0
439,"[4, 4, 9, 14]","[4, 13, 14]",25.0
440,"[10, 4, 8, 6, 5]","[14, 14, 5]",0.0
441,"[3, 3, 26, 14]","[32, 14]",0.0
442,"[6, 8, 8, 5]","[22, 5]",0.0
443,"[6, 4, 15, 14, 4, 14, 28]","[36, 21, 15, 13]",14.285714285714285
444,"[33, 21, 6]","[20, 4, 36]",0.0
445,"[22, 11]","[9, 7, 6, 11]",0.0
446,"[5, 16, 12, 8]","[21, 20]",0.0
447,"[19, 7]","[9, 17]",0.0
448,[25],"[13, 12]",0.0
449,[27],"[8, 6, 13]",0.0
450,"[11, 10, 15, 9]","[11, 10, 24]",50.0
451,"[8, 1, 7, 38]","[8, 8, 12, 26]",25.0
452,"[10, 9, 4, 10, 8, 16]","[10, 9, 38]",33.33333333333333
453,"[7, 1, 12, 30, 1, 4, 2, 2, 18, 1, 2]","[20, 39, 21]",0.0
454,"[4, 13, 4, 13, 6, 4]","[21, 23]",0.0
455,"[22, 8, 15, 17, 8, 5, 5, 3]","[9, 13, 23, 17, 21]",12.5
456,"[17, 1, 10, 7]","[12, 23]",0.0
457,"[12, 2, 1, 6, 4, 2, 2, 26, 2, 17, 7]","[24, 56]",0.0
458,"[2, 1, 11, 13, 3, 26]","[12, 44]",0.0
459,"[17, 5, 7]","[10, 19]",0.0
460,"[12, 7]","[12, 7]",100.0
461,"[2, 12, 14]","[6, 8, 14]",33.33333333333333
462,"[13, 16]","[22, 7]",0.0
463,"[2, 8, 1, 15]","[10, 16]",0.0
464,"[3, 5, 23]","[22, 9]",0.0
465,"[26, 1, 8]","[6, 7, 22]",0.0
466,"[11, 9]","[11, 9]",100.0
467,"[13, 24]","[13, 24]",100.0
468,"[12, 1, 10, 1]","[11, 13]",0.0
469,"[9, 10]","[10, 9]",0.0
470,[16],"[5, 11]",0.0
471,"[10, 8, 1, 4, 6]","[14, 15]",0.0
472,"[6, 11, 2, 22]","[21, 20]",0.0
473,"[6, 29]","[6, 8, 12, 9]",50.0
474,"[10, 10]","[9, 3, 8]",0.0
475,"[16, 1, 11]","[11, 17]",0.0
476,"[5, 4, 7, 9]","[9, 4, 12]",25.0
477,"[29, 24, 2, 6, 21]","[16, 13, 32, 21]",0.0
478,"[3, 6, 7, 2, 2]","[16, 4]",0.0
479,"[14, 13]","[14, 13]",100.0
480,"[10, 3, 2, 11, 7, 7]","[18, 22]",0.0
481,"[4, 9, 4, 24, 7]","[17, 8, 23]",0.0
482,"[11, 13, 1, 3, 11]","[16, 16, 7]",0.0
483,"[11, 8, 11, 4, 11]","[19, 26]",0.0
484,"[10, 3, 6, 8, 9, 6]","[19, 23]",0.0
485,"[59, 8, 14]","[67, 14]",0.0
486,"[7, 16, 3, 2]","[7, 21]",25.0
487,"[8, 9]","[8, 9]",100.0
488,"[16, 5]","[16, 5]",100.0
489,"[8, 4, 13, 9]","[8, 26]",25.0
490,[8],"[3, 5]",0.0
491,"[19, 2, 13]","[18, 16]",0.0
492,[32],"[19, 13]",0.0
493,"[11, 3, 5, 6, 9, 15]","[34, 15]",0.0
494,"[27, 9, 20]","[14, 23, 13, 6]",0.0
495,"[34, 4]","[10, 13, 15]",0.0
496,"[17, 7]","[8, 16]",0.0
497,"[19, 14, 8]","[19, 22]",33.33333333333333
498,"[22, 9, 9]","[22, 18]",33.33333333333333
499,"[14, 3, 26, 10]","[46, 7]",0.0
500,"[9, 7, 6, 14]","[16, 6, 14]",0.0
501,"[14, 14, 17]","[14, 14, 17]",100.0
502,"[23, 14, 4]","[23, 18]",33.33333333333333
503,"[14, 10, 12, 1, 5]","[24, 18]",0.0
504,"[3, 14, 12, 27, 6]","[38, 24]",0.0
505,"[9, 8, 25]","[17, 25]",0.0
506,"[9, 21, 13, 13, 18]","[9, 34, 10, 21]",20.0
507,[22],"[15, 7]",0.0
508,"[8, 11, 1, 1, 15]","[21, 15]",0.0
509,[22],"[17, 5]",0.0
510,"[14, 2, 8]","[14, 10]",33.33333333333333
511,"[6, 11, 9]","[6, 20]",33.33333333333333
512,[19],"[11, 8]",0.0
513,[26],"[19, 7]",0.0
514,"[16, 17, 15, 1]","[33, 16]",0.0
515,"[12, 18, 25, 10, 3, 10, 14, 28]","[23, 7, 90]",0.0
516,"[7, 3, 11, 4, 1, 30]","[25, 30]",0.0
517,"[15, 6, 2, 16, 30]","[10, 57]",0.0
518,"[19, 5, 5, 3, 13]","[32, 13]",0.0
519,"[14, 15, 2]","[14, 17]",33.33333333333333
520,"[14, 32, 9]","[7, 7, 32, 9]",0.0
521,"[38, 18]","[13, 20, 23]",0.0
522,"[3, 1, 15, 1, 13]","[8, 11, 14]",0.0
523,"[7, 17]","[7, 17]",100.0
524,"[15, 26]","[15, 26]",100.0
525,"[20, 13]","[20, 13]",100.0
526,[21],"[15, 6]",0.0
527,"[16, 12, 17]","[28, 6, 11]",0.0
528,"[5, 13, 6, 7, 11]","[16, 17, 9]",0.0
529,[59],"[33, 15, 11]",0.0
530,"[3, 46]","[35, 14]",0.0
531,"[12, 10, 35]","[28, 29]",0.0
532,"[6, 22]","[17, 11]",0.0
533,"[2, 17, 18]","[19, 18]",0.0
534,"[18, 14]","[12, 20]",0.0
535,"[30, 38, 57, 29]","[91, 13, 21, 29]",25.0
536,"[9, 20]","[9, 20]",100.0
537,"[1, 1, 34]","[22, 8, 6]",0.0
538,"[15, 24]","[27, 12]",0.0
539,"[4, 5, 26, 15]","[35, 15]",0.0
540,"[16, 7]","[16, 7]",100.0
541,"[4, 29]","[14, 19]",0.0
542,"[7, 18, 7]","[19, 13]",0.0
543,"[8, 4, 5, 3, 22]","[28, 14]",0.0
544,"[14, 11, 3, 8]","[24, 12]",0.0
545,"[5, 17, 8, 16]","[30, 16]",0.0
546,[40],"[17, 23]",0.0
547,"[11, 1, 15, 13]","[8, 31]",0.0
548,"[16, 1, 4, 3, 9, 20]","[15, 8, 9, 20]",0.0
549,"[9, 3, 7, 8, 2, 6, 12, 3, 8, 7, 2, 1, 4]","[9, 63]",7.6923076923076925
550,"[2, 14, 15, 2, 4, 9]","[11, 5, 13, 4, 13]",0.0
551,"[12, 3, 5, 10, 9, 21]","[12, 27, 21]",16.666666666666664
552,"[3, 1, 2, 2, 6, 1, 2, 5, 2, 3, 11, 2, 3, 7, 8]","[50, 8]",0.0
553,"[8, 4, 4, 24]","[8, 32]",25.0
554,"[17, 10, 11, 4, 3, 2]","[27, 12, 8]",0.0
555,"[2, 8, 8, 12, 13, 3, 9, 5, 2, 7, 3, 22, 19]","[17, 43, 53]",0.0
556,"[5, 8, 8, 11, 1, 5]","[21, 10, 7]",0.0
557,"[2, 7, 3, 6, 4, 16, 0]","[32, 6]",0.0
558,"[23, 7, 4, 8, 3]","[15, 30]",0.0
559,"[13, 39, 10, 9]","[23, 7, 22, 19]",0.0
560,"[20, 3, 9, 8]","[18, 14, 8]",0.0
561,"[5, 1, 27, 6]","[22, 17]",0.0
562,"[5, 4, 1, 8, 5, 2, 9]","[9, 25]",0.0
563,"[13, 33]","[13, 12, 21]",50.0
564,"[26, 3, 10, 4]","[26, 13, 4]",25.0
565,"[9, 21]","[9, 21]",100.0
566,[17],"[10, 7]",0.0
567,"[9, 4, 15]","[17, 11]",0.0
568,"[36, 4, 15]","[5, 9, 41]",0.0
569,"[7, 8, 17, 4, 3, 11]","[26, 13, 11]",0.0
570,"[15, 14, 23]","[6, 9, 16, 21]",0.0
571,"[19, 26]","[7, 38]",0.0
572,[25],"[9, 16]",0.0
573,"[6, 13, 7, 7]","[26, 7]",0.0
574,[21],"[10, 11]",0.0
575,"[3, 4, 17, 3, 1, 1, 12]","[27, 8, 6]",0.0
576,[28],"[18, 10]",0.0
577,[42],"[11, 17, 14]",0.0
578,"[18, 9, 7]","[10, 24]",0.0
579,"[3, 1, 15, 13, 4, 12]","[9, 39]",0.0
580,"[3, 21, 24, 14, 1, 9]","[17, 7, 48]",0.0
581,"[13, 1, 13]","[11, 7, 5, 4]",0.0
582,"[13, 15, 12, 6, 3, 2]","[28, 23]",0.0
583,"[2, 5, 10, 10, 17]","[34, 10]",0.0
584,"[4, 2, 4, 1, 5, 3, 17, 2, 2, 8]","[19, 17, 12]",0.0
585,"[15, 14, 2, 1, 4, 5, 10]","[15, 15, 21]",14.285714285714285
586,"[15, 5, 15]","[15, 20]",33.33333333333333
587,"[2, 5, 26]","[7, 26]",0.0
588,"[8, 8, 1, 21, 5]","[15, 28]",0.0
589,"[19, 8, 1, 9]","[25, 12]",0.0
590,"[18, 7]","[16, 9]",0.0
591,"[12, 12, 3, 13, 1, 8, 3, 1, 22]","[23, 9, 7, 13, 23]",11.11111111111111
592,"[3, 1, 27, 9, 10]","[32, 18]",0.0
593,"[8, 1, 3, 10, 1, 11]","[21, 13]",0.0
594,"[3, 66]","[16, 11, 7, 35]",0.0
595,"[18, 3, 5, 29, 6]","[26, 34]",0.0
596,"[29, 8, 6]","[29, 14]",33.33333333333333
597,"[15, 20]","[15, 19]",50.0
598,"[4, 7, 4, 6, 46]","[48, 19]",0.0
599,"[1, 2, 6, 19, 10]","[15, 23]",0.0
600,"[3, 42]","[21, 24]",0.0
601,"[3, 5, 13, 13]","[21, 13]",0.0
602,"[24, 7, 14, 15]","[24, 36]",25.0
603,"[10, 8, 9]","[16, 11]",0.0
604,"[2, 1, 2, 16, 5, 12]","[21, 17]",0.0
605,"[5, 19, 21, 16, 10, 11]","[60, 22]",0.0
606,"[14, 3, 12, 10, 7, 3, 2, 8]","[14, 34, 9]",12.5
607,"[33, 3]","[15, 10, 11]",0.0
608,"[2, 8, 17, 4, 14, 1, 6]","[35, 17]",0.0
609,"[3, 17, 4, 8, 21]","[29, 3, 21]",0.0
610,"[28, 16]","[13, 15, 16]",0.0
611,"[27, 47, 21, 35, 13]","[65, 78]",0.0
612,"[2, 1, 12, 4, 6, 15, 2, 10]","[15, 21, 16]",0.0
613,"[25, 6, 10]","[19, 15, 7]",0.0
614,"[27, 17, 1, 9]","[18, 36]",0.0
615,"[45, 25, 30, 5, 1]","[10, 43, 17, 36]",0.0
616,"[2, 35, 15, 1, 0]","[37, 17]",0.0
617,"[11, 11]","[11, 11]",100.0
618,"[3, 8, 10]","[13, 8]",33.33333333333333
619,"[7, 3, 6]","[7, 9]",33.33333333333333
620,"[17, 4, 6, 15, 4, 3, 8, 0]","[10, 7, 4, 6, 22, 8]",0.0
621,"[10, 10, 1, 14]","[21, 14]",0.0
622,[30],"[8, 22]",0.0
623,"[14, 18, 8, 6]","[14, 13, 19]",25.0
624,"[16, 4, 0]","[16, 4]",66.66666666666666
625,"[6, 12, 25]","[18, 25]",0.0
626,"[25, 18, 2, 4, 8]","[13, 44]",0.0
627,"[13, 1, 3, 2, 4, 3, 5, 2, 1]","[10, 23]",0.0
628,"[9, 2, 13, 12, 11, 8, 7, 0]","[55, 7]",0.0
629,"[7, 3, 3, 1, 6, 15, 8, 10, 12]","[20, 10, 13, 22]",0.0
630,"[6, 6, 10, 7, 0]","[22, 7]",0.0
631,"[10, 7]","[10, 7]",100.0
632,"[9, 2, 10, 3]","[11, 13]",0.0
633,[18],"[8, 10]",0.0
634,"[4, 4, 22, 7, 1]","[8, 9, 21]",0.0
635,"[2, 2, 9, 12, 9]","[13, 12, 9]",20.0
636,"[2, 9, 11]","[6, 5, 11]",33.33333333333333
637,"[13, 7]","[8, 5, 7]",0.0
638,"[2, 13, 10]","[15, 10]",0.0
639,"[7, 27]","[7, 27]",100.0
640,[25],"[15, 10]",0.0
641,"[8, 7, 7]","[14, 7]",33.33333333333333
642,"[6, 16, 12, 0]","[22, 12]",0.0
643,"[10, 13, 2, 9, 9]","[34, 9]",0.0
644,"[14, 15, 15]","[32, 12]",0.0
645,"[27, 18, 24]","[62, 7]",0.0
646,"[2, 20, 20]","[22, 10, 10]",0.0
647,"[2, 10, 8, 17]","[20, 17]",0.0
648,"[13, 27]","[30, 10]",0.0
649,"[4, 43]","[25, 22]",0.0
650,"[5, 14]","[13, 2, 4]",0.0
651,"[10, 14, 3]","[7, 20]",0.0
652,[28],"[4, 24]",0.0
653,"[27, 4, 7]","[27, 4, 7]",100.0
654,[24],"[12, 12]",0.0
655,"[29, 6, 5, 6, 0]","[29, 17]",20.0
656,"[12, 24, 13, 9, 8, 1, 2, 6, 9, 12, 18, 1, 3, 9, 5]","[49, 9, 74]",0.0
657,"[1, 19, 7, 1, 1, 4, 6]","[10, 10, 7, 12]",14.285714285714285
658,"[12, 1, 7, 13, 55]","[20, 15, 5, 35, 13]",0.0
659,"[30, 11]","[17, 24]",0.0
660,"[8, 20, 22]","[13, 15, 22]",33.33333333333333
661,"[4, 6, 12, 19]","[10, 31]",0.0
662,"[10, 27]","[30, 7]",0.0
663,"[1, 1, 11, 8]","[7, 6, 8]",0.0
664,"[15, 24]","[15, 12, 12]",50.0
665,"[27, 9, 8]","[13, 23, 8]",33.33333333333333
666,"[15, 9, 7, 22]","[31, 22]",0.0
667,"[2, 1, 11, 18, 3, 13]","[20, 28]",0.0
668,"[20, 4, 8]","[6, 26]",0.0
669,"[18, 9]","[18, 9]",100.0
670,[41],"[31, 10]",0.0
671,"[15, 8]","[15, 8]",100.0
672,[31],"[22, 9]",0.0
673,[22],"[19, 3]",0.0
674,"[8, 14]","[14, 8]",0.0
675,"[6, 7, 9]","[13, 9]",0.0
676,"[7, 2, 3, 5, 20, 4, 4, 6, 11, 5, 9, 0]","[7, 20, 18, 13, 18]",8.333333333333332
677,"[7, 1, 9, 28]","[16, 28]",0.0
678,"[4, 4, 11, 14]","[19, 10, 4]",0.0
679,"[10, 2, 2, 12, 4, 4, 10, 8]","[14, 20, 18]",0.0
680,"[8, 3, 25, 2, 2, 1, 18]","[28, 31]",0.0
681,"[21, 4]","[21, 4]",100.0
682,"[4, 10, 1, 11, 14]","[26, 14]",0.0
683,"[22, 3, 2, 7, 1, 4, 7]","[22, 12, 12]",14.285714285714285
684,"[4, 1, 7, 16, 4, 6, 1, 5, 2, 2, 3, 3, 24, 2, 4]","[12, 72]",0.0
685,"[2, 15, 16, 5, 8]","[38, 8]",0.0
686,"[3, 6, 7, 19, 2, 9]","[16, 8, 22]",0.0
687,"[5, 5, 7, 10, 15]","[27, 15]",0.0
688,"[12, 18, 7]","[11, 26]",0.0
689,"[17, 16, 0]","[25, 8]",0.0
690,"[3, 2, 24, 18, 5]","[29, 23]",0.0
691,"[7, 15, 9, 11]","[22, 20]",0.0
692,"[10, 7, 11, 5, 12, 13]","[17, 28, 13]",0.0
693,"[16, 8, 3, 3]","[16, 14]",25.0
694,"[4, 9, 8, 35]","[33, 23]",0.0
695,"[15, 14, 27]","[29, 27]",0.0
696,"[20, 2, 4, 13, 6, 9, 16]","[34, 36]",0.0
697,"[4, 5, 2, 5, 69]","[47, 38]",0.0
698,"[20, 2, 4, 13, 6, 9, 16]","[34, 36]",0.0
699,"[24, 1, 1, 20]","[15, 31]",0.0
700,"[33, 39, 2, 2, 4]","[33, 13, 11, 19, 4]",40.0
701,"[22, 20, 1, 3]","[41, 5]",0.0
702,"[32, 29]","[32, 18, 11]",50.0
703,"[19, 3, 28]","[16, 18, 16]",0.0
704,"[14, 13, 12, 13]","[14, 13, 25]",50.0
705,"[4, 48]","[12, 40]",0.0
706,[30],"[14, 16]",0.0
707,[30],"[11, 19]",0.0
708,"[15, 17, 18, 1, 15, 4, 10]","[32, 16, 32]",0.0
709,"[14, 12, 6, 17, 1, 5]","[35, 20]",0.0
710,"[18, 49]","[9, 9, 12, 25, 12]",0.0
711,"[15, 19]","[15, 19]",100.0
712,"[13, 11, 8, 17, 32, 17, 60, 1, 5, 12]","[24, 151]",0.0
713,"[15, 1, 22, 7, 21]","[15, 51]",20.0
714,"[19, 18]","[19, 18]",100.0
715,"[12, 1, 8, 3]","[22, 3]",0.0
716,[32],"[18, 14]",0.0
717,"[28, 2, 5, 14]","[16, 29, 4]",0.0
718,"[7, 4, 8, 17]","[7, 29]",25.0
719,"[5, 5, 1, 15, 9, 13, 8]","[19, 16, 21]",0.0
720,"[16, 12, 7, 3]","[16, 22]",25.0
721,"[4, 19, 6]","[23, 6]",0.0
722,"[4, 1, 16, 11]","[21, 11]",0.0
723,[34],"[26, 8]",0.0
724,"[32, 11]","[16, 27]",0.0
725,"[21, 7, 20]","[28, 20]",0.0
726,"[9, 9, 10]","[9, 19]",33.33333333333333
727,"[6, 10, 11]","[16, 11]",0.0
728,"[10, 13, 4, 7, 6, 9]","[23, 17, 9]",0.0
729,"[14, 37, 6]","[28, 23, 6]",33.33333333333333
730,"[5, 5, 11, 3, 11, 8, 9, 4, 15, 7]","[24, 11, 21, 22]",0.0
731,"[6, 20, 1, 17]","[27, 17]",0.0
732,"[31, 19]","[31, 19]",100.0
733,"[6, 20, 14, 12]","[26, 26]",0.0
734,"[7, 14, 10, 10, 14, 6]","[21, 34, 6]",0.0
735,"[7, 6, 10, 8, 8, 11, 10]","[13, 47]",0.0
736,"[17, 24]","[17, 24]",100.0
737,"[1, 8, 3, 3, 1]","[12, 4]",0.0
738,[9],"[1, 8]",0.0
739,"[9, 14, 25, 31]","[53, 18, 8]",0.0
740,"[2, 4, 3, 1, 6, 5, 10, 2, 16, 13, 10, 5, 1, 3, 3, 9, 16, 2, 5, 1, 12, 4, 7, 13, 5, 8, 8, 6, 6, 12]","[62, 15, 33, 56, 22, 10]",0.0
741,"[6, 22]","[6, 22]",100.0
742,"[14, 10]","[14, 10]",100.0
743,"[12, 8]","[12, 8]",100.0
744,"[24, 17]","[24, 17]",100.0
745,"[1, 1, 23, 1, 3, 9, 8, 2, 1, 2]","[15, 12, 24]",0.0
746,"[1, 1, 5, 9, 1, 4, 1, 3, 9, 4, 4, 1, 6, 16, 8, 2, 7, 1, 5, 9, 3, 2, 2, 1, 2, 2, 1, 12, 9, 1, 1, 6, 1, 3]","[25, 63, 55]",0.0
747,"[1, 2, 3, 13, 1, 1, 6, 1, 12, 6, 4, 1, 3, 2, 9, 1, 11, 1, 3, 2, 7, 9]","[21, 19, 10, 31, 18]",0.0
748,"[1, 1, 9, 1, 10, 3, 1, 1, 5, 12, 1]","[11, 34]",0.0
749,"[10, 3]","[10, 3]",100.0
750,[42],"[24, 18]",0.0
751,[34],"[23, 11]",0.0
752,"[9, 8]","[9, 8]",100.0
753,[52],"[17, 35]",0.0
754,"[7, 7, 9, 13, 4]","[7, 33]",20.0
755,"[11, 4, 3, 3, 13, 4, 1, 5, 21]","[18, 20, 27]",0.0
756,"[1, 9, 3, 7, 4, 4, 2, 12]","[10, 3, 16, 7, 6]",12.5
757,"[5, 13, 7]","[18, 7]",0.0
758,"[24, 9, 16]","[24, 9, 16]",100.0
759,"[1, 2, 1, 14, 11, 4, 4, 2, 1, 4, 4, 1, 3, 10, 8, 9, 2, 7, 4, 1, 5, 2]","[38, 14, 19, 29]",0.0
760,"[1, 6, 7, 4, 1, 4, 11, 3, 2, 5]","[19, 18, 7]",10.0
761,"[1, 1, 11, 1, 3, 1, 1, 2, 11, 6, 3, 2, 2, 4, 1, 7, 10, 11, 2, 5, 1, 1, 7, 5, 1, 1, 4, 16, 14, 11, 2, 2, 10, 1, 1, 1, 4, 6, 1]","[13, 34, 47, 27, 53]",0.0
762,"[18, 5, 12, 4, 9]","[18, 30]",20.0
763,"[1, 22, 15, 1]","[23, 16]",0.0
764,"[1, 23, 11]","[16, 19]",0.0
765,"[2, 3]","[1, 4]",0.0
766,"[57, 42]","[73, 26]",0.0
767,"[6, 10, 7, 6]","[16, 7, 6]",0.0
768,"[1, 3, 1, 3, 3, 8, 5, 5, 2, 3, 1, 10, 5, 3, 2, 7, 7, 1, 7, 8, 2, 5, 9, 1, 10, 4, 7, 6, 13, 4, 3, 6, 9, 8, 4, 7, 9, 3, 10, 9, 13, 2, 4, 2, 1, 6, 7, 9]","[68, 161, 29]",0.0
769,"[10, 5]","[10, 5]",100.0
770,"[10, 18]","[10, 18]",100.0
771,"[1, 49, 5, 17, 13]","[16, 56, 13]",0.0
772,"[14, 1, 10]","[17, 8]",0.0
773,"[3, 5, 9, 10, 4, 5, 4, 4, 5, 15, 8, 1]","[31, 13, 29]",0.0
774,"[1, 5, 1, 1, 5, 15, 3, 6, 6, 5]","[7, 41]",0.0
775,"[2, 2, 7, 8, 3, 1, 17, 1, 7, 4, 2, 3, 9, 1, 1, 2, 1, 9, 2, 1, 4, 14, 8, 6, 5, 2, 7]","[57, 23, 49]",0.0
776,[23],"[5, 18]",0.0
777,"[37, 22, 52, 2, 20]","[113, 20]",0.0
778,"[2, 1, 9]","[3, 9]",0.0
779,"[14, 31]","[14, 31]",100.0
780,"[3, 4, 7, 5, 10, 7, 4, 5, 8, 2, 22, 5]","[15, 25, 14, 9, 14, 5]",0.0
781,"[1, 7, 13, 4, 4, 5, 6, 3, 8, 13, 3, 3, 4, 16, 6, 1, 1, 1, 2, 4, 1, 6]","[21, 91]",0.0
782,"[1, 2, 11, 2, 1, 9, 6, 8, 9, 1, 2, 5, 2, 1, 2, 2, 1, 3, 2, 11, 2, 1, 5, 1, 4, 4, 3, 2, 2, 5, 4, 3, 5, 7, 4, 1, 23, 12, 1, 3, 1, 10, 3, 7, 5, 3, 5, 6, 8, 5, 1, 12, 2, 1, 1, 4, 5, 2, 11, 6, 1, 1, 2, 1, 12, 2, 3, 8, 2, 19, 1, 5, 4, 3, 2, 8, 5, 1, 1, 12, 11, 15, 1, 9, 7, 2, 1, 10, 11, 4, 1, 6, 6, 6, 9, 7, 1, 2, 3, 8, 1, 1, 7, 2, 7, 1, 4]","[32, 32, 6, 63, 37, 44, 132, 6, 118, 14, 23]",0.0
783,[13],"[3, 10]",0.0
784,"[8, 44, 7, 9, 3, 21, 18, 15, 1, 16]","[32, 20, 19, 15, 56]",0.0
785,"[5, 3, 6, 7, 2, 5, 6, 6, 7, 6, 3, 1, 3, 18, 11, 1]","[52, 38]",0.0
786,"[4, 1, 1, 1, 3, 1, 16, 3, 6, 11, 10, 2, 12, 1, 11, 6, 5, 5, 3, 2, 4, 12, 3, 6, 3, 19, 10, 3, 1, 1, 12, 3, 1, 2, 5, 5, 3, 1, 7, 8, 8, 11, 1]","[5, 39, 13, 26, 25, 56, 10, 6, 17, 36]",0.0
787,"[1, 1, 2, 6, 8, 4, 13, 2, 2, 3, 2, 3, 1, 4, 3, 4, 4, 3, 13, 5, 6, 1, 15, 7]","[22, 44, 19, 6, 22]",4.166666666666666
788,"[29, 4, 4, 13, 77]","[57, 14, 11, 20, 25]",0.0
789,[29],"[14, 15]",0.0
790,"[1, 13, 5, 2, 8, 4, 6, 16, 2, 12, 7, 4]","[22, 36, 22]",0.0
791,"[1, 5, 6, 2, 13, 4, 4, 5, 1, 2, 4, 4, 3, 8, 1, 2]","[27, 38]",0.0
792,"[2, 4, 9, 1, 7, 3, 1, 11, 6, 14, 10, 5, 4, 1, 4, 1, 2, 3, 7, 3, 2, 18, 1, 4, 9, 7, 1, 5, 1, 2, 1]","[16, 10, 32, 25, 40, 26]",0.0
793,[15],"[9, 6]",0.0
794,[12],"[1, 11]",0.0
795,"[1, 22, 7, 37, 34, 18]","[67, 21, 31]",0.0
796,"[1, 2, 2, 1, 1, 14, 5, 4, 1, 6, 10, 5, 9, 5, 2, 14, 7, 11, 6, 2, 4, 6, 6, 4, 5, 4, 1, 3, 13, 1, 2, 1, 1, 6, 5, 4, 1]","[18, 12, 22, 30, 93]",0.0
797,"[22, 6, 36, 9, 19, 14, 4, 3, 22, 7, 16]","[36, 56, 21, 29, 16]",0.0
798,"[5, 5, 6, 13, 11, 11, 7, 4, 1, 6, 5, 14, 13, 1, 10, 1, 3, 6, 1, 8, 1, 5, 12, 4, 1, 4, 2, 11]","[58, 4, 54, 55]",0.0
799,"[2, 1, 12, 3, 5, 5, 4, 8, 21, 4, 2, 21]","[18, 5, 27, 38]",0.0
800,"[4, 15, 7, 1, 2, 3, 16, 1, 9, 5]","[49, 14]",0.0
801,"[1, 1, 1, 1, 2, 4, 17, 11, 4, 1, 4, 12, 11, 3, 1, 1, 2, 2, 1, 3, 4, 3, 8, 4, 3, 3, 1, 6, 1, 6, 3, 12, 2, 10, 10, 2, 13, 1, 13, 6, 16, 1, 2, 2, 10, 6, 4, 7, 1, 21, 4, 10, 15, 5, 3]","[3, 44, 12, 53, 4, 45, 27, 22, 5, 29, 57]",0.0
802,"[6, 22, 13]","[13, 28]",0.0
803,[24],"[11, 13]",0.0
804,"[15, 9]","[15, 9]",100.0
805,"[23, 9, 7, 15, 12, 17, 7, 1, 8]","[12, 27, 44, 16]",0.0
806,"[20, 14, 10]","[34, 10]",0.0
807,"[15, 6, 6]","[21, 6]",33.33333333333333
808,"[14, 7, 14]","[26, 9]",0.0
809,"[10, 2, 15]","[25, 2]",33.33333333333333
810,"[15, 1, 14]","[13, 17]",0.0
811,"[1, 4, 11, 3, 12, 3, 4, 1, 5, 2, 8, 5, 7, 8, 2, 4, 1, 1, 3]","[1, 4, 21, 33, 15, 11]",10.526315789473683
812,"[6, 4, 9, 7, 1, 3, 3, 3, 1, 8, 1, 1, 2, 4, 4, 11, 1, 12, 3]","[10, 23, 30, 5, 16]",0.0
813,"[16, 8, 2, 3, 3, 3, 5, 16, 2, 4, 2, 4, 25, 12, 9, 16, 6, 6, 44, 7, 2]","[16, 52, 74, 25, 28]",4.761904761904762
814,"[46, 12, 14]","[46, 26]",33.33333333333333
815,"[17, 21]","[17, 21]",100.0
816,[29],"[7, 22]",0.0
817,"[6, 13, 22]","[22, 19]",0.0
818,"[6, 8, 3, 4, 2, 7]","[6, 24]",16.666666666666664
819,"[3, 11, 8, 29, 13, 16, 6, 23, 6]","[34, 11, 25, 16, 7, 22]",11.11111111111111
820,"[1, 13, 15, 3, 1, 6, 8, 19, 10, 2, 8]","[39, 31, 10, 6]",0.0
821,"[9, 9, 10, 36]","[34, 11, 19]",0.0
822,"[9, 13, 10, 5, 14, 4, 6, 14, 4, 9, 18, 3, 5, 2, 1, 14, 2, 7, 13, 4, 5, 2, 2, 4, 1, 8, 8, 7, 3, 2, 13, 6]","[68, 33, 112, 6]",0.0
823,"[1, 7, 12, 4, 1, 20, 5, 5, 34, 4, 35, 0]","[8, 85, 35]",0.0
824,"[1, 5, 6, 10, 2, 4, 1, 9, 2, 3, 8, 2, 7, 3, 14, 14, 12, 3, 2, 16, 4, 4, 11, 4, 7, 6, 3, 5, 2, 8, 2, 5, 4, 17, 8, 3, 6, 5, 7, 6, 3, 15, 3, 2, 8, 4, 6, 16, 8, 6, 1, 1, 3, 11, 3, 16, 18, 3, 2, 3, 2, 1, 7, 10, 3, 3, 15, 2, 6, 3, 3, 4, 4, 5, 9, 3]","[19, 62, 41, 67, 26, 29, 41, 32, 30, 29, 20, 57]",0.0
825,"[5, 1, 1, 7, 1, 4, 5, 2, 11, 1, 4, 3]","[6, 39]",0.0
826,"[2, 4, 3, 9, 1, 1, 5, 12, 10, 7, 7, 5, 2, 1, 1, 5, 4, 2, 3, 9, 5, 14, 1, 1, 2, 3, 3, 6, 6, 1, 4, 1, 1, 1, 8, 3, 11, 2, 6, 7, 12, 7, 8, 5, 5, 1, 2]","[9, 16, 103, 25, 38, 28]",0.0
827,"[1, 5, 7, 11, 5, 8, 6, 5, 13, 5, 5, 10, 9, 1, 2, 6, 2, 10, 18, 1, 5, 2, 6, 1, 8, 15, 3, 2, 5, 2, 7, 8, 2]","[24, 77, 23, 28, 44]",0.0
828,"[1, 5, 11, 9, 8, 4, 3, 4, 10]","[26, 29]",0.0
829,"[1, 8, 7, 6, 13, 8, 1, 5, 4, 5, 6, 1, 5, 5, 6, 3, 6, 3, 2, 5, 9]","[22, 53, 34]",0.0
830,"[1, 3, 1, 5, 4, 1, 9, 6, 9, 7, 13, 1, 2, 1, 2, 1, 4, 6, 8, 2, 4, 5, 1, 9, 7, 4, 2, 6, 1, 1, 9, 3, 17, 2, 1, 7, 6, 19, 6, 12, 3, 8]","[39, 7, 59, 60, 54]",0.0
831,"[4, 2, 6, 5, 3, 6, 4, 17, 2, 2, 18, 8, 3, 13, 6, 5, 5, 1, 1, 5, 1, 9, 3, 6, 14, 7, 30, 11, 11, 1, 4, 1, 3]","[69, 11, 24, 13, 47, 22, 11, 11, 9]",0.0
832,"[1, 14, 11, 10, 1, 8, 5, 5, 7]","[55, 7]",0.0
833,"[7, 8, 3, 2, 12, 7, 9, 1, 4, 19, 7, 7, 8, 7, 13, 5, 2, 31, 5, 2, 17, 9, 8, 9, 6, 2, 10, 8, 6, 12, 10, 7, 6, 13, 9, 7, 9]","[39, 12, 162, 94]",0.0
834,"[1, 3, 12, 6, 3, 3, 2, 3, 3, 4, 2, 6, 3, 7, 2, 2, 6, 10, 2, 6, 2, 10, 5]","[43, 36, 24]",0.0
835,"[7, 17]","[7, 17]",100.0
836,[32],"[13, 19]",0.0
837,"[10, 10]","[7, 13]",0.0
838,"[1, 1, 14, 9, 4, 2, 7, 2, 5, 2, 7, 1, 13, 8]","[25, 31, 20]",0.0
839,[36],"[15, 21]",0.0
840,"[1, 3, 51, 14, 6, 20, 12, 9, 1, 14, 9, 3, 9]","[43, 38, 41, 30]",0.0
841,"[1, 7, 4, 6, 4, 21, 9, 3, 1, 4, 1, 4, 12, 3, 1, 8, 10, 2, 2, 10, 3, 9, 1, 6, 3, 7, 5, 1, 9, 2, 5, 2, 3, 1, 8, 5, 1, 4, 14, 10, 1, 10, 2]","[61, 57, 10, 97]",0.0
842,"[8, 6, 8, 8, 10, 4, 16, 6, 5, 12, 4, 1, 1, 5]","[15, 29, 22, 28]",0.0
843,"[3, 10, 2, 7, 9, 1, 5, 4, 4, 3, 12, 4, 12, 11, 3, 11, 10, 5, 3, 1, 1, 11, 4]","[90, 46]",0.0
844,"[1, 7, 1, 7, 8, 1, 8, 1, 12, 9, 7, 9, 1, 5, 5, 12, 2, 4, 1, 1, 15, 2, 2, 3, 1, 1, 1, 2, 17]","[46, 100]",0.0
845,[63],"[22, 41]",0.0
846,"[1, 8, 8, 3, 8, 7, 6, 5, 3, 3, 1, 3, 6, 3, 1, 18, 0]","[8, 67, 8]",5.88235294117647
847,"[21, 1, 1, 11, 5, 10, 4, 8, 5, 4, 6, 8, 9, 7, 9, 4, 12, 10, 5, 11, 2, 2, 3]","[21, 119, 18]",4.3478260869565215
848,"[17, 13, 10, 6, 4, 3, 20, 29, 3, 8]","[30, 83]",0.0
849,"[1, 7, 1, 6, 4, 7, 18, 2, 10]","[30, 26]",0.0
850,"[6, 5, 3, 1, 8, 7, 9, 4, 9]","[39, 13]",0.0
851,"[1, 18, 12, 8, 20, 4, 33]","[73, 23]",0.0
852,"[13, 2, 5, 16, 1, 4, 15, 23, 11, 15, 3, 3, 3, 15, 21, 11, 5, 12, 1, 7]","[15, 47, 52, 72]",0.0
853,"[1, 7, 3, 3, 16, 3, 3, 16, 5, 11, 4, 7, 4, 10, 12, 3, 6, 4, 4, 4, 13, 3, 5, 1, 1, 5, 2, 9, 45]","[10, 54, 127, 19]",0.0
854,"[1, 1, 15, 1, 1, 2, 8, 4, 3, 4, 2, 2, 3, 1, 7, 1, 1, 7, 2, 1, 5, 3, 2, 1, 1, 3, 15, 9, 1, 1, 5, 6, 8, 2, 1, 11, 5, 2, 2, 13, 7, 5, 11, 1, 3, 7, 4, 2, 5]","[151, 57]",0.0
855,"[1, 11, 11, 8, 14, 1, 24]","[27, 43]",0.0
856,"[1, 14, 9, 4, 2, 8, 1, 1, 12, 4, 1, 3]","[40, 16, 4]",0.0
857,"[1, 4, 2, 3, 3, 11, 9, 11, 2, 2, 6, 5, 3, 1, 4, 2, 4, 3, 2, 7, 2, 5, 1, 3, 9, 8, 1, 20, 12, 1]","[78, 47, 22]",0.0
858,"[1, 6, 8, 6, 9, 3, 23, 9, 5, 6, 3, 20, 1, 1, 8, 2, 16, 1, 2, 3, 6, 9, 2, 1, 1, 1, 7, 2, 2, 9, 2, 1, 7, 1, 4, 8, 1, 8, 12, 10, 1, 4, 5, 3, 2, 1, 21, 1, 2, 16, 2, 14, 1, 8, 7, 1, 11, 1, 2, 10, 14, 1, 5, 16, 1, 12, 5, 4]","[125, 215, 58]",0.0
859,"[1, 1, 9, 2, 1, 11, 13, 1, 8, 2, 5, 9, 9, 10]","[7, 75]",0.0
860,"[8, 9, 13, 3, 5, 9, 9, 10, 17, 12, 5, 19, 8, 2]","[47, 36, 12, 34]",0.0
861,"[3, 12, 20, 3, 4, 8, 6, 1, 4, 8, 2, 11, 6, 8, 11, 4, 1, 7, 1, 2, 6, 2, 2, 8, 4, 2, 5, 2, 8, 10, 3, 9, 7, 3]","[42, 151]",0.0
862,"[2, 12, 22, 1, 17]","[14, 40]",0.0
863,[16],"[6, 10]",0.0
864,[17],"[8, 9]",0.0
865,"[1, 6, 3, 5, 6, 6, 5, 4, 3, 2, 1, 9, 1, 3, 3, 2, 5, 5, 6, 1, 3, 4]","[13, 71]",0.0
866,"[1, 3, 1, 1, 4, 6, 1, 1, 9, 3, 15, 6, 14, 5]","[32, 38]",0.0
867,"[3, 10, 14, 22]","[19, 30]",0.0
868,[15],"[4, 11]",0.0
869,"[8, 5]","[8, 5]",100.0
870,"[13, 18, 7, 12]","[13, 25, 12]",25.0
871,"[13, 10, 13, 19, 10, 6]","[8, 63]",0.0
872,"[2, 3, 5, 3, 4, 1, 4, 6, 5, 1, 4, 4, 9, 5, 7, 11, 5, 2]","[63, 18]",0.0
873,"[1, 4, 20, 10, 7, 1, 3, 5, 5]","[26, 30]",0.0
874,"[6, 6, 6, 4, 13, 3, 8, 7, 12]","[12, 34, 19]",0.0
875,"[4, 5, 8, 1, 2, 1, 2, 1, 3, 12, 17, 1, 8, 4, 1, 3, 3, 3, 3, 5, 4, 1, 1, 1, 1, 2, 1, 3, 5, 4, 2, 14, 10, 10, 5, 3, 9]","[29, 10, 18, 11, 9, 27, 59]",0.0
876,"[1, 3, 3, 3, 5, 7, 3, 1, 6, 9, 3, 3]","[8, 36, 3]",8.333333333333332
877,"[2, 7, 3, 1, 14, 1, 3, 1, 1, 3, 4, 4, 11, 1, 5, 11, 8, 4, 1, 11, 12, 2, 3, 1, 1, 4, 1, 1, 6, 6, 4, 6, 6, 13, 0]","[12, 15, 53, 33, 24, 25]",0.0
878,"[1, 6, 6, 6, 6, 7, 8, 8, 4, 5, 10, 8, 5, 2, 4, 3, 7, 3, 2, 3, 1, 8, 4, 10, 5, 6, 7, 1, 1, 2]","[132, 17]",0.0
879,"[9, 12, 6, 8, 7, 12, 5, 6, 1, 1, 15, 9, 14, 2]","[67, 14, 25]",0.0
880,"[20, 2, 6, 0]","[22, 6]",0.0
881,"[3, 2, 6, 6, 8, 10]","[22, 13]",0.0
882,"[4, 15]","[4, 15]",100.0
883,"[3, 5, 5, 6, 9, 5, 1, 4, 4]","[13, 29]",0.0
884,"[1, 7, 7, 11, 1, 2, 1, 1, 2, 1, 2, 5, 3, 1, 7, 5, 1, 1, 12, 12, 1, 1, 12, 2, 11, 1, 8, 16, 20, 5]","[111, 49]",0.0
885,"[16, 1, 14]","[17, 14]",0.0
886,"[6, 3, 3, 5, 2]","[17, 2]",0.0
887,"[3, 2, 28]","[5, 28]",0.0
888,[15],"[4, 11]",0.0
889,"[1, 1, 4, 1, 1, 1, 1, 5, 6, 2, 3, 5, 4, 6, 1, 3, 9, 5, 1, 9, 2, 1, 2, 5, 3, 2, 2, 1, 13, 3, 3, 4, 5, 2, 2]","[60, 48, 11]",0.0
890,"[15, 9, 5, 1, 9, 4, 7]","[14, 15, 21]",0.0
891,"[26, 6, 7, 8, 9, 13, 6, 16]","[15, 11, 13, 33, 19]",0.0
892,"[1, 11]","[3, 9]",0.0
893,"[30, 15, 2, 2, 2, 12, 11, 4, 11, 3, 16, 1, 8]","[43, 20, 15, 14, 25]",0.0
894,"[1, 15, 7, 16]","[16, 23]",0.0
895,"[1, 3, 7, 5, 2, 3, 1, 32, 1, 5, 3, 1, 16, 3, 6, 3, 6, 2, 6, 4, 9, 10, 6, 2, 7, 6, 8, 1, 8, 5, 2, 8, 6, 1, 4, 2, 1, 8, 3, 13, 1, 5, 12]","[119, 119]",0.0
896,"[1, 1, 7, 5, 11, 5, 3, 6, 7, 13, 39, 6, 1, 9]","[61, 27, 26]",0.0
897,"[1, 1, 9, 1, 1, 7, 1, 5, 8, 3, 3, 1, 3, 15, 4, 3, 4, 11, 10, 13, 10, 13, 2, 2, 4, 3, 3, 1, 1, 2, 14, 3, 14, 2, 4, 2, 2, 1, 8, 2, 6, 6, 1, 2, 12, 6, 4, 12, 6, 2, 4, 8, 6, 1]","[71, 49, 8, 13, 19, 18, 33, 34, 28]",0.0
898,"[22, 6, 4, 5, 1, 1, 5, 1, 5, 16, 9, 1, 1, 1, 2, 6, 7, 1]","[30, 64]",0.0
899,"[1, 10, 5, 1, 10, 5, 1, 9, 1, 3, 5, 9, 11, 9, 4, 6, 5, 6, 6, 1]","[7, 101]",0.0
900,"[11, 7, 2, 9, 13, 1, 1, 2, 7, 3, 1, 23, 5, 7, 21, 1, 1, 1, 1, 1, 3, 6, 3, 9, 4, 1, 17]","[53, 39, 52, 17]",0.0
901,"[1, 4, 3, 3, 6, 11, 8, 6, 7, 5, 15, 9, 5, 7, 5, 5, 4, 6, 5, 8, 1, 6, 5, 18, 9, 5, 1, 1]","[115, 54]",0.0
902,"[1, 5, 3, 5, 2, 10]","[9, 17]",0.0
903,"[2, 11, 7, 3, 1, 1, 6, 2, 2, 10, 8, 3, 3, 1, 4, 3, 1, 8]","[46, 9, 21]",0.0
904,"[1, 19, 15, 5, 30, 15]","[56, 14, 15]",16.666666666666664
905,"[7, 19, 6, 14, 3, 4, 5, 8, 4, 18, 12, 28, 6, 12, 5, 11, 7]","[108, 61]",0.0
906,"[7, 4, 1, 7, 5, 4, 3, 11, 7]","[12, 37]",0.0
907,"[3, 1, 4, 4, 2, 2, 2, 13, 1, 5, 1, 3, 3, 5, 1, 1, 5, 5, 4, 3, 1, 1, 3, 1, 8, 2, 3, 1, 1, 2, 5, 6, 2, 1, 3, 1, 1, 2, 5, 4, 6, 6, 3]","[51, 85]",0.0
908,"[19, 4, 5, 8, 11, 0]","[36, 11]",0.0
909,"[16, 1, 4, 7, 2, 1, 4, 1, 5, 5, 4, 1, 1, 1, 6, 1, 1, 3, 3, 7, 8, 2, 2, 9, 2, 3, 13, 2, 7, 1, 2, 4, 13, 9, 7, 1, 1, 11, 1]","[16, 112, 44]",2.564102564102564
910,"[2, 1, 12, 8, 6, 4, 1, 13, 7, 3, 3, 1, 11, 4, 13]","[60, 7, 22]",0.0
911,"[3, 7, 8]","[10, 8]",0.0
912,"[9, 27, 2, 17, 11, 4]","[46, 24]",0.0
913,"[4, 2, 11, 6, 5, 4, 3, 8, 4, 3, 4, 6, 9, 4, 4, 9, 2, 4, 15, 1, 1, 5, 2, 3, 2, 1, 1, 13, 13, 4]","[116, 10, 27]",0.0
914,"[1, 4, 3, 3, 3, 5, 5, 8, 16, 8, 7, 2, 14, 3, 2]","[32, 52]",0.0
915,"[2, 12, 2, 6, 3, 1, 7, 3, 1, 3, 1, 4, 3, 2, 9, 2, 5, 6, 1, 4, 7, 4, 5, 12, 2, 5, 1, 4, 2, 4, 4, 4, 6, 6, 3, 2, 3, 6, 3, 1, 8, 5, 3, 8, 2, 6, 6, 11, 1]","[175, 36]",0.0
916,"[8, 4, 6, 2, 2, 3, 3, 5, 2, 4, 5, 5, 19, 4, 2, 6, 4, 5, 1, 18, 2, 6, 2, 2, 2, 2, 2, 1, 2, 4]","[51, 57, 25]",0.0
917,"[1, 6, 2, 1, 12, 5, 3, 10, 1, 11, 1, 10, 1, 3, 13, 1, 1, 9, 1, 13, 1, 11, 1, 6, 1, 9, 1, 6, 9, 18, 15, 1, 4, 8, 9, 5, 21]","[22, 31, 143, 35]",0.0
918,"[1, 5, 9, 1, 8, 7, 2, 14, 5, 2, 2]","[31, 25]",0.0
919,"[2, 14, 9, 3, 4, 2, 20, 1, 4, 4, 5, 2, 2]","[16, 11, 45]",0.0
920,"[7, 4, 7]","[11, 7]",0.0
921,"[13, 7, 1]","[2, 18]",0.0
922,"[17, 8, 14, 1, 5, 1, 9, 2, 1, 4, 1, 1, 8, 6, 3, 5, 4, 8]","[39, 59]",0.0
923,"[3, 8, 2, 1, 3, 3, 4, 1, 2, 4, 9, 1, 3, 1, 4, 4, 5, 4, 2, 4, 7]","[20, 55]",0.0
924,"[1, 7, 10, 2, 4, 3, 9, 6, 4, 13, 3, 13, 3, 1, 2, 7]","[67, 21]",0.0
925,"[1, 8, 19, 1, 3, 1, 9, 9]","[32, 19]",0.0
926,"[4, 10, 1, 1, 1]","[4, 12]",20.0
927,"[14, 4, 4, 3, 3, 10, 7, 3, 9, 4, 15, 7, 10, 10, 11, 7, 1, 3, 18, 3, 3, 4, 16]","[18, 43, 15, 45, 48]",0.0
928,"[5, 15, 12, 2, 20, 8, 13, 5, 12, 2, 10, 5, 9, 13, 6, 15, 4, 4, 12, 13, 4]","[33, 104, 26, 26]",0.0
929,"[1, 10, 4, 6, 3]","[11, 13]",0.0
930,"[8, 6, 3, 11, 2, 2, 1, 5, 14, 10, 8, 10, 5, 6, 3, 4, 13, 16, 5, 6, 3, 6, 2, 1, 5, 4, 10, 7, 3, 1, 1, 9, 10, 9, 3, 1, 1, 6, 3, 9, 6, 1, 2, 5, 1, 5, 13, 2, 3, 1, 6, 1, 1, 15, 4]","[38, 32, 29, 12, 83, 104]",0.0
931,"[16, 4, 9, 7, 14, 8, 4, 5, 10, 8]","[10, 32, 43]",0.0
932,"[1, 4, 2, 9, 1, 6, 9, 9, 5, 1, 1, 1, 8, 2, 2, 4, 1, 1, 8, 3, 1, 8, 7, 9, 4, 1, 7, 9, 2, 21, 1, 3, 3, 6, 4, 1, 5, 7, 4, 3, 4, 4, 2, 7, 9, 7, 16, 2, 2, 2, 18, 2, 3, 1, 2, 5, 1, 10, 12, 8, 2, 15, 6, 11, 1, 1, 2, 9, 1, 1, 1, 1, 3, 6, 5, 9, 3, 9, 1, 11, 3, 2, 2, 3, 1, 1, 8, 2, 1, 2, 1, 1, 1, 3, 1, 10, 2, 4, 8, 2, 11, 1, 1, 9, 3, 6]","[51, 37, 37, 214, 22, 126]",0.0
933,"[2, 4, 8, 7, 4, 13, 5, 12, 5, 1, 5, 11, 2, 3, 2, 8, 8, 2, 4, 5, 2, 2, 2, 9]","[47, 79]",0.0
934,"[1, 3, 10, 1, 1, 5, 2, 3, 11, 1, 5, 4, 5, 5]","[20, 37]",0.0
935,"[9, 1, 4, 5, 10, 29, 1, 2, 16, 8, 8, 5, 8, 2, 10, 1, 1, 5, 7, 6, 30, 1, 13, 3, 6, 1, 2, 16, 1, 2, 6, 4, 4, 2, 1, 13, 7]","[58, 133, 19, 20, 9, 11]",0.0
936,"[1, 6, 1, 3, 1, 4, 5, 3, 8, 5, 1, 3]","[24, 17]",0.0
937,"[4, 6, 2, 2, 8, 1, 3, 1, 1, 1, 13, 4, 1, 3, 1, 5, 1, 2, 12, 1, 10, 4, 1, 1, 2, 6, 1, 11, 2, 4, 2, 7, 6, 4, 2, 2, 4]","[107, 34]",0.0
938,"[1, 4, 1, 2, 5, 9, 12, 12, 7, 7, 20, 4, 10, 13]","[8, 35, 23, 41]",0.0
939,"[2, 1, 5, 8, 9, 8, 20]","[8, 45]",0.0
940,"[9, 5, 7, 10, 5, 9, 5, 3, 4, 2, 3, 15]","[45, 32]",0.0
941,"[3, 3, 3, 1, 4, 3, 6, 6]","[10, 19]",0.0
942,"[1, 8, 3, 5, 3, 12, 1, 3, 2, 4, 3, 1, 2, 2, 6, 4, 2, 2, 2, 3, 5, 1, 1, 1, 3, 1, 4, 1, 1, 12, 15, 6]","[46, 18, 56]",0.0
943,"[7, 1, 9, 10]","[17, 6, 4]",0.0
944,"[7, 19]","[13, 13]",0.0
945,"[3, 23]","[6, 4, 16]",0.0
946,"[9, 13]","[9, 13]",100.0
947,[4],"[1, 3]",0.0
948,"[12, 14]","[12, 14]",100.0
949,"[5, 4]","[5, 4]",100.0
950,"[5, 9]","[5, 9]",100.0
951,"[4, 5, 1]","[4, 6]",33.33333333333333
952,"[3, 5, 5]","[8, 5]",33.33333333333333
953,"[6, 7]","[6, 7]",100.0
954,"[4, 6]","[4, 6]",100.0
955,"[6, 8]","[6, 8]",100.0
956,"[13, 2]","[13, 2]",100.0
957,[16],"[8, 8]",0.0
958,"[2, 1, 4, 2, 2, 1, 3, 1, 10, 1]","[16, 11]",0.0
959,[17],"[5, 12]",0.0
960,"[9, 2, 1, 5, 2]","[8, 11]",0.0
961,"[2, 2, 26]","[21, 9]",0.0
962,"[10, 10]","[1, 14, 5]",0.0
963,"[2, 5, 7]","[12, 2]",0.0
964,"[13, 5]","[13, 5]",100.0
965,"[6, 6, 1, 9]","[6, 16]",25.0
966,"[8, 5, 6, 2, 16]","[23, 14]",0.0
967,"[3, 8, 4, 4, 1, 11, 3, 2]","[31, 5]",0.0
968,"[3, 3, 4, 6, 7, 15, 6, 7, 2, 7, 4, 2, 7, 9]","[73, 9]",0.0
969,"[3, 6]","[3, 3, 3]",50.0
970,"[8, 11]","[8, 11]",100.0
971,"[2, 17]","[16, 3]",0.0
972,"[7, 7, 4, 8, 14]","[7, 7, 26]",40.0
973,"[3, 7, 11]","[3, 7, 11]",100.0
974,"[1, 4]","[1, 4]",100.0
975,[11],"[4, 7]",0.0
976,"[5, 4, 4]","[5, 4, 4]",100.0
977,"[14, 10]","[14, 10]",100.0
978,"[5, 2, 1, 9, 9]","[8, 9, 9]",0.0
979,"[11, 8, 3]","[11, 3, 8]",33.33333333333333
980,"[6, 8, 3]","[11, 6]",0.0
981,"[2, 13]","[3, 3, 9]",0.0
982,[7],"[4, 3]",0.0
983,"[1, 3, 1, 3, 2, 4]","[5, 9]",0.0
984,"[1, 12, 3, 6, 5, 5]","[13, 3, 16]",0.0
985,"[1, 16, 1]","[1, 14, 3]",33.33333333333333
986,"[5, 4]","[6, 3]",0.0
987,"[3, 5, 12]","[3, 10, 5, 2]",33.33333333333333
988,"[2, 1, 5, 1, 2]","[9, 2]",0.0
989,"[8, 15, 3, 2]","[8, 15, 5]",50.0
990,"[4, 11]","[4, 11]",100.0
991,"[6, 13, 5]","[15, 4, 5]",33.33333333333333
992,"[16, 10, 7]","[16, 3, 14]",33.33333333333333
993,[13],"[7, 6]",0.0
994,"[6, 13]","[6, 4, 9]",50.0
995,[21],"[8, 13]",0.0
996,"[4, 3, 3]","[4, 6]",33.33333333333333
997,"[4, 6]","[4, 5, 1]",50.0
998,"[6, 5, 9]","[17, 3]",0.0
999,"[7, 9, 10]","[7, 19]",33.33333333333333
1000,"[2, 1, 7, 4]","[3, 11]",0.0
1001,"[5, 3, 7]","[5, 3, 7]",100.0
1002,"[4, 2, 8, 14, 1]","[18, 11]",0.0
1003,"[9, 6, 15]","[9, 21]",33.33333333333333
1004,"[3, 2, 11, 8, 6, 16]","[29, 16]",0.0
1005,"[12, 5]","[12, 5]",100.0
1006,"[6, 6]","[6, 6]",100.0
1007,"[2, 6]","[2, 6]",100.0
1008,[9],"[5, 4]",0.0
1009,"[7, 9, 5]","[7, 11, 3]",33.33333333333333
1010,"[2, 7, 6]","[9, 6]",0.0
1011,[16],"[5, 11]",0.0
1012,"[16, 2, 2, 19, 3, 9, 6, 4, 6]","[39, 28]",0.0
1013,"[12, 4, 6, 5, 5, 4, 3, 17]","[12, 39, 5]",12.5
1014,[16],"[8, 8]",0.0
1015,[10],"[4, 6]",0.0
1016,"[8, 4]","[8, 4]",100.0
1017,"[16, 9]","[16, 9]",100.0
1018,"[6, 11, 5]","[6, 16]",33.33333333333333
1019,"[14, 6]","[14, 6]",100.0
1020,[8],"[4, 4]",0.0
1021,[10],"[9, 1]",0.0
1022,"[11, 20]","[19, 12]",0.0
1023,"[6, 7, 8, 28]","[28, 21]",0.0
1024,"[16, 2, 6, 2, 4]","[24, 6]",0.0
1025,"[5, 4, 12]","[9, 12]",0.0
1026,"[4, 19, 2, 11, 12, 5, 4, 12, 4, 2, 5]","[75, 5]",0.0
1027,"[21, 1, 2, 8, 3, 5, 1]","[21, 18, 2]",28.57142857142857
1028,"[17, 7]","[9, 8, 7]",0.0
1029,"[6, 7, 4]","[13, 4]",0.0
1030,"[6, 3, 8, 6, 5]","[6, 11, 11]",20.0
1031,"[4, 5, 4, 26]","[27, 12]",0.0
1032,"[1, 2, 12, 5]","[15, 5]",0.0
1033,"[13, 10, 3, 2, 2]","[13, 10, 7]",40.0
1034,"[9, 8]","[12, 5]",0.0
1035,"[3, 4, 3, 8]","[17, 1]",0.0
1036,"[9, 2, 1, 8, 2, 4]","[12, 14]",0.0
1037,"[9, 4]","[6, 7]",0.0
1038,"[15, 14]","[15, 9, 5]",50.0
1039,"[7, 7, 8]","[14, 8]",0.0
1040,"[1, 4, 8]","[1, 12]",33.33333333333333
1041,"[4, 4, 3, 3]","[8, 6]",0.0
1042,"[6, 2, 4]","[8, 4]",0.0
1043,[14],"[7, 7]",0.0
1044,"[5, 7, 4]","[12, 4]",0.0
1045,"[11, 3]","[11, 3]",100.0
1046,[4],"[2, 2]",0.0
1047,"[2, 7, 8]","[9, 8]",0.0
1048,"[2, 2, 1]","[2, 3]",33.33333333333333
1049,"[7, 2, 6]","[7, 2, 6]",100.0
1050,[12],"[4, 8]",0.0
1051,[3],"[1, 2]",0.0
1052,[6],"[5, 1]",0.0
1053,"[2, 2, 5, 16]","[9, 13, 3]",0.0
1054,"[7, 10]","[7, 10]",100.0
1055,"[1, 3]","[1, 3]",100.0
1056,"[2, 8]","[2, 8]",100.0
1057,"[11, 6]","[11, 6]",100.0
1058,"[5, 7, 6]","[5, 7, 6]",100.0
1059,"[8, 3]","[8, 3]",100.0
1060,"[3, 4, 5, 6]","[3, 12, 3]",25.0
1061,"[1, 4, 7]","[1, 4, 7]",100.0
1062,"[9, 16]","[9, 16]",100.0
1063,[16],"[7, 9]",0.0
1064,"[3, 3, 9]","[6, 9]",0.0
1065,"[1, 7, 4, 11, 7]","[8, 11, 11]",0.0
1066,[2],"[1, 1]",0.0
1067,[3],"[2, 1]",0.0
1068,"[6, 7, 4, 6]","[6, 17]",25.0
1069,[13],"[3, 10]",0.0
1070,"[2, 5, 12]","[9, 10]",0.0
1071,"[3, 8, 1]","[3, 5, 4]",33.33333333333333
1072,"[2, 9]","[2, 9]",100.0
1073,"[2, 24]","[12, 7, 7]",0.0
1074,[21],"[14, 7]",0.0
1075,"[4, 5, 8]","[4, 5, 8]",100.0
1076,"[3, 5]","[3, 5]",100.0
1077,"[5, 2]","[5, 2]",100.0
1078,"[9, 9]","[9, 9]",100.0
1079,"[5, 6]","[5, 6]",100.0
1080,[21],"[14, 7]",0.0
1081,"[8, 10, 6, 10]","[24, 10]",25.0
1082,"[6, 13, 9]","[6, 22]",33.33333333333333
1083,"[4, 4, 12, 10]","[8, 22]",0.0
1084,[10],"[3, 7]",0.0
1085,"[3, 8]","[3, 8]",100.0
1086,"[5, 4]","[5, 4]",100.0
1087,"[17, 5]","[17, 5]",100.0
1088,[11],"[5, 5, 1]",0.0
1089,[10],"[4, 6]",0.0
1090,"[5, 6, 6, 11]","[11, 17]",0.0
1091,"[21, 6, 1]","[13, 15]",0.0
1092,"[11, 6, 4, 8]","[11, 6, 12]",50.0
1093,"[6, 6]","[8, 4]",0.0
1094,"[4, 7]","[4, 7]",100.0
1095,"[5, 1, 12, 3, 4]","[18, 7]",0.0
1096,"[3, 10, 5]","[3, 15]",33.33333333333333
1097,"[1, 2, 9, 12]","[3, 9, 12]",0.0
1098,"[1, 9, 6]","[1, 15]",33.33333333333333
1099,"[15, 3]","[8, 7, 3]",0.0
1100,[6],"[2, 4]",0.0
1101,"[2, 6, 5]","[2, 11]",33.33333333333333
1102,"[4, 3, 3]","[7, 3]",33.33333333333333
1103,"[2, 2]","[2, 2]",100.0
1104,"[2, 9]","[5, 6]",0.0
1105,"[7, 7, 7, 4]","[14, 7, 4]",25.0
1106,"[4, 4]","[4, 4]",100.0
1107,"[7, 4, 1]","[7, 5]",33.33333333333333
1108,"[1, 4, 3, 13, 1, 5, 5]","[21, 11]",0.0
1109,"[1, 23]","[13, 11]",0.0
1110,"[1, 12, 10]","[12, 11]",0.0
1111,"[1, 13]","[6, 8]",0.0
1112,"[2, 15]","[2, 15]",100.0
1113,"[1, 6, 24]","[16, 15]",0.0
1114,"[1, 18, 3, 5]","[18, 4, 5]",0.0
1115,"[4, 4]","[3, 5]",0.0
1116,"[3, 7, 1, 14]","[2, 8, 15]",0.0
1117,"[4, 7, 9, 8]","[13, 15]",0.0
1118,"[7, 5]","[7, 5]",100.0
1119,"[8, 5, 8, 7]","[13, 15]",0.0
1120,"[15, 6]","[8, 7, 6]",0.0
1121,"[4, 6, 4, 3, 5, 4]","[4, 6, 4, 12]",50.0
1122,"[5, 3, 5]","[8, 5]",0.0
1123,[7],"[2, 5]",0.0
1124,"[5, 2]","[5, 2]",100.0
1125,"[2, 8, 4]","[6, 8]",33.33333333333333
1126,[14],"[10, 4]",0.0
1127,"[9, 5, 5, 10, 5, 15, 3]","[9, 43]",14.285714285714285
1128,"[11, 22, 15]","[11, 12, 16, 9]",33.33333333333333
1129,[25],"[20, 5]",0.0
1130,[23],"[9, 14]",0.0
1131,[31],"[3, 28]",0.0
1132,"[5, 16, 9]","[13, 17]",0.0
1133,[32],"[5, 8, 19]",0.0
1134,"[4, 12]","[11, 5]",0.0
1135,"[7, 4, 7, 4, 4, 11, 3]","[7, 33]",14.285714285714285
1136,[15],"[6, 9]",0.0
1137,[16],"[7, 9]",0.0
1138,"[12, 5, 2]","[10, 9]",0.0
1139,"[7, 10, 9]","[7, 19]",33.33333333333333
1140,"[3, 2]","[3, 2]",100.0
1141,[26],"[20, 6]",0.0
1142,"[4, 8, 4]","[12, 4]",0.0
1143,"[19, 8]","[8, 6, 5, 8]",0.0
1144,"[30, 17, 2, 13, 16]","[14, 64]",0.0
1145,[37],"[8, 4, 25]",0.0
1146,[17],"[5, 12]",0.0
1147,"[6, 31]","[12, 25]",0.0
1148,"[16, 1, 1]","[10, 8]",0.0
1149,"[8, 1, 4, 5]","[8, 10]",25.0
1150,[20],"[6, 14]",0.0
1151,"[10, 6]","[10, 6]",100.0
1152,[28],"[14, 14]",0.0
1153,"[7, 4, 6, 8, 17, 8]","[7, 4, 6, 33]",50.0
1154,"[3, 4]","[2, 2, 3]",0.0
1155,"[5, 4]","[5, 4]",100.0
1156,[49],"[23, 26]",0.0
1157,"[23, 10, 6, 6, 25, 12]","[39, 43]",0.0
1158,"[21, 2, 1, 20]","[16, 28]",0.0
1159,[27],"[13, 14]",0.0
1160,"[17, 11, 2, 4, 3]","[17, 20]",20.0
1161,"[14, 11, 19]","[10, 34]",0.0
1162,"[11, 14, 9, 2, 4, 6]","[20, 26]",0.0
1163,"[2, 1, 7, 14, 23]","[24, 23]",0.0
1164,[16],"[7, 9]",0.0
1165,[34],"[15, 19]",0.0
1166,[26],"[12, 14]",0.0
1167,"[1, 4, 4, 4, 5]","[13, 5]",0.0
1168,[27],"[5, 15, 7]",0.0
1169,"[12, 1]","[3, 10]",0.0
1170,[15],"[6, 9]",0.0
1171,"[15, 6, 9]","[9, 21]",0.0
1172,[9],"[5, 4]",0.0
1173,[34],"[13, 21]",0.0
1174,"[13, 7, 12, 12]","[39, 5]",0.0
1175,[26],"[8, 18]",0.0
1176,[23],"[7, 16]",0.0
1177,"[16, 10, 2, 6]","[16, 18]",25.0
1178,[45],"[9, 36]",0.0
1179,"[9, 11]","[14, 6]",0.0
1180,[23],"[13, 10]",0.0
1181,[27],"[9, 5, 13]",0.0
1182,[27],"[14, 13]",0.0
1183,"[33, 2, 3, 18]","[16, 17, 23]",0.0
1184,"[11, 9, 11, 9, 11]","[11, 9, 11, 20]",60.0
1185,"[11, 3, 6, 9, 3, 3, 10, 11, 1, 1]","[11, 47]",10.0
1186,[36],"[16, 20]",0.0
1187,"[37, 16, 5, 4, 2, 1, 5, 3, 1, 10]","[40, 34, 10]",0.0
1188,"[2, 19, 5, 4, 4, 5, 4, 5]","[2, 46]",12.5
1189,"[9, 18, 9, 2]","[9, 18, 11]",50.0
1190,"[30, 21, 6, 13, 10]","[13, 35, 3, 29]",0.0
1191,[22],"[9, 13]",0.0
1192,"[20, 8]","[20, 8]",100.0
1193,"[9, 3, 10, 12]","[22, 12]",0.0
1194,"[28, 9, 12, 8, 13, 12, 13, 7, 36, 10]","[11, 38, 21, 12, 13, 7, 36, 10]",10.0
1195,[24],"[4, 20]",0.0
1196,"[14, 15, 8, 17, 8, 16]","[48, 14, 16]",0.0
1197,"[43, 21, 35, 10, 3]","[14, 41, 33, 24]",0.0
1198,[7],"[1, 6]",0.0
1199,"[12, 1, 11]","[13, 11]",0.0
1200,"[38, 22, 13, 11, 22, 10, 4]","[26, 12, 22, 46, 14]",0.0
1201,"[18, 8]","[10, 16]",0.0
1202,"[20, 16, 22]","[20, 38]",33.33333333333333
1203,"[21, 16, 23, 32, 36]","[21, 32, 75]",20.0
1204,"[4, 6]","[4, 6]",100.0
1205,"[7, 3, 16]","[10, 16]",0.0
1206,"[11, 16, 18]","[32, 13]",0.0
1207,"[3, 4, 15, 7, 8, 14, 13]","[7, 44, 13]",0.0
1208,"[5, 3, 7, 2, 22]","[5, 3, 13, 18]",40.0
1209,"[39, 11, 8]","[25, 14, 11, 8]",0.0
1210,"[7, 14, 10, 10]","[21, 20]",0.0
1211,"[7, 5, 10]","[7, 15]",33.33333333333333
1212,"[6, 8, 11, 7]","[25, 7]",0.0
1213,"[7, 13]","[7, 13]",100.0
1214,"[4, 9, 4, 13, 18, 4, 7, 4, 1, 1, 3, 4]","[59, 13]",0.0
1215,"[9, 8, 15, 10]","[17, 26]",0.0
1216,"[8, 4, 8]","[8, 12]",33.33333333333333
1217,"[1, 3, 8, 7]","[4, 8, 7]",0.0
1218,"[3, 2, 5]","[3, 7]",33.33333333333333
1219,[7],"[2, 5]",0.0
1220,"[4, 8, 11, 5]","[12, 16]",0.0
1221,"[11, 4]","[11, 4]",100.0
1222,"[8, 1, 19, 1, 1]","[9, 18, 1]",0.0
1223,[18],"[14, 4]",0.0
1224,[25],"[20, 5]",0.0
1225,"[2, 7, 9, 5]","[2, 7, 14]",50.0
1226,"[12, 9]","[12, 9]",100.0
1227,"[12, 10, 12]","[12, 22]",33.33333333333333
1228,"[9, 12]","[9, 12]",100.0
1229,"[12, 18, 15, 8, 5, 7]","[12, 53]",16.666666666666664
1230,"[10, 3, 16]","[13, 16]",0.0
1231,[14],"[6, 8]",0.0
1232,[34],"[16, 18]",0.0
1233,"[3, 16]","[3, 16]",100.0
1234,"[6, 9]","[9, 6]",0.0
1235,"[17, 7]","[10, 14]",0.0
1236,[18],"[9, 9]",0.0
1237,"[6, 17, 6, 13]","[6, 17, 6, 13]",100.0
1238,"[16, 5, 4, 13, 6, 10, 5, 9, 20, 22]","[7, 52, 51]",0.0
1239,[17],"[12, 5]",0.0
1240,"[17, 14, 25, 4]","[17, 43]",25.0
1241,"[1, 13]","[1, 13]",100.0
1242,[4],"[1, 3]",0.0
1243,[8],"[1, 7]",0.0
1244,[50],"[38, 12]",0.0
1245,"[16, 4]","[7, 13]",0.0
1246,"[6, 12]","[6, 12]",100.0
1247,"[19, 1, 18]","[23, 5, 3, 1, 6]",0.0
1248,"[17, 1, 1]","[6, 11, 2]",0.0
1249,"[15, 3, 14]","[10, 8, 14]",33.33333333333333
1250,"[15, 29, 13, 8, 8]","[3, 12, 22, 7, 13, 16]",0.0
1251,"[2, 8, 8]","[2, 16]",33.33333333333333
1252,"[10, 2, 14, 1, 12, 11, 13]","[10, 40, 13]",14.285714285714285
1253,"[44, 13]","[26, 31]",0.0
1254,"[21, 18]","[16, 5, 18]",0.0
1255,"[24, 8, 8, 3, 5, 30]","[7, 25, 12, 4, 19, 11]",0.0
1256,[14],"[8, 6]",0.0
1257,[12],"[6, 6]",0.0
1258,"[8, 5, 10]","[13, 10]",0.0
1259,"[4, 16, 9]","[1, 3, 8, 17]",0.0
1260,"[7, 9, 9]","[16, 9]",33.33333333333333
1261,"[15, 31]","[15, 13, 3, 4, 6, 5]",50.0
1262,[7],"[1, 6]",0.0
1263,"[14, 10, 8, 5]","[24, 13]",0.0
1264,"[12, 5, 10, 4, 5, 26]","[50, 14]",0.0
1265,"[23, 8]","[23, 8]",100.0
1266,"[10, 16, 9, 7, 7, 12]","[26, 16, 7, 12]",16.666666666666664
1267,[25],"[11, 14]",0.0
1268,"[29, 31]","[29, 31]",100.0
1269,"[1, 5, 5, 9, 6, 2, 18, 15]","[11, 15, 20, 15]",0.0
1270,"[12, 10, 7]","[9, 20]",0.0
1271,"[2, 6, 9, 2]","[6, 13]",0.0
1272,[3],"[1, 2]",0.0
1273,"[25, 13]","[22, 16]",0.0
1274,"[37, 2, 9, 3]","[15, 22, 14]",0.0
1275,"[5, 5, 15, 1, 7, 30]","[25, 8, 30]",0.0
1276,[13],"[4, 9]",0.0
1277,"[8, 5, 16]","[14, 15]",0.0
1278,"[2, 19, 16, 8, 12, 9, 13, 6, 6, 13, 12, 20, 5, 19, 15]","[45, 12, 9, 13, 12, 13, 12, 20, 5, 34]",6.666666666666667
1279,"[20, 14, 24, 12, 2, 7, 41, 2, 5, 22, 70, 23, 19, 9, 18]","[34, 15, 9, 21, 26, 22, 22, 22, 18, 22, 8, 23, 19, 22, 5]",20.0
1280,"[2, 4, 5, 9, 8, 8, 8, 10]","[28, 8, 8, 10]",0.0
1281,"[2, 4, 5, 26, 10, 6, 12, 5, 25, 5, 14, 8, 15, 11, 13, 10, 44, 1, 3, 8, 5, 2, 8, 17, 15, 5, 4, 2, 16, 4, 11, 8, 5, 7, 19, 8, 6, 5, 9, 12, 18, 9, 20, 26, 4, 8, 34, 9, 11, 10, 5, 1, 1, 4, 4, 2, 1, 7, 27, 14, 8, 11, 8]","[26, 11, 10, 18, 20, 29, 23, 11, 23, 48, 60, 25, 32, 19, 148, 31, 10, 11, 14, 5, 22, 22, 19]",0.0
1282,"[9, 6, 18, 6, 1, 1, 7, 8, 9, 9, 3, 10, 3, 9, 4, 61, 3, 9, 15, 31, 11]","[15, 18, 15, 17, 38, 15, 22, 27, 24, 31, 1, 10]",4.761904761904762
1283,"[1, 25, 18, 4, 14, 1, 4, 1, 1, 3, 7, 18, 10, 10, 9, 6, 10, 9, 16, 5, 6, 14, 6, 1, 8, 31, 13, 30, 22, 21]","[1, 20, 11, 12, 4, 14, 5, 5, 54, 6, 10, 9, 16, 5, 6, 14, 7, 8, 8, 12, 11, 5, 8, 30, 22, 21]",3.3333333333333335
1284,"[7, 11, 12, 18, 11, 21, 10, 1, 8, 8, 4, 7, 17, 5, 13, 12, 9, 17, 23, 18, 17, 44, 15]","[18, 12, 18, 11, 21, 11, 8, 12, 7, 5, 12, 5, 13, 12, 32, 29, 23, 44, 15]",0.0
1285,"[18, 9, 9, 10, 33, 29, 18]","[18, 9, 3, 6, 10, 16, 17, 24, 5, 7, 11]",28.57142857142857
1286,"[11, 2, 1, 8]","[11, 11]",25.0
1287,"[13, 26, 7, 12, 1]","[13, 26, 19, 1]",40.0
1288,"[12, 17, 8, 11]","[12, 17, 19]",50.0
1289,"[13, 21]","[1, 12, 14, 5, 2]",0.0
1290,"[22, 12, 25, 19, 19, 4, 15, 20, 14, 34, 7, 12, 3, 16, 26]","[12, 5, 17, 25, 19, 19, 19, 10, 10, 14, 16, 16, 21, 4, 15, 8, 6, 12]",6.666666666666667
1291,"[9, 8, 7, 7, 26, 13, 35, 5, 10, 14, 9, 1, 17, 10, 9, 8, 3, 9, 28, 19, 19, 8, 10, 9, 4, 1, 1, 18, 7, 5, 14, 3, 16, 5, 10, 8, 3, 14, 4, 11, 6, 6, 10, 1, 9, 24, 7, 4, 10, 18, 14, 4, 3, 16, 4, 6, 7, 15, 18, 33, 28, 5, 1, 1, 22, 6, 6, 6, 8, 8, 6, 12, 8, 10, 6, 12, 8, 15, 12, 2, 6, 7, 35, 7, 19, 2, 5, 16, 10, 13, 17, 3, 1, 4, 9, 5, 2, 2, 3, 9, 21, 8, 13, 12, 9, 5, 17, 10, 15, 8, 6, 12, 5, 7, 26, 19, 18, 1, 1, 19, 8, 4, 6, 9, 2, 23, 21, 3, 7, 6, 4, 15, 13, 28, 7, 6, 2, 2, 2, 5, 14, 13, 6, 7]","[9, 8, 14, 74, 24, 15, 17, 27, 22, 18, 19, 11, 12, 14, 23, 10, 7, 5, 17, 7, 9, 15, 11, 14, 4, 11, 6, 13, 13, 31, 32, 12, 25, 17, 15, 18, 24, 9, 28, 5, 1, 1, 22, 26, 14, 12, 15, 21, 23, 12, 15, 35, 26, 33, 122, 9, 33, 23, 38, 18, 19, 20, 37, 11, 23, 15, 6, 3, 26, 47, 15, 23, 19, 7]",2.7777777777777777
1292,"[8, 5, 5, 9, 4, 15, 1, 20, 12, 1, 1, 22, 6, 6, 11, 8, 6, 4, 17, 7, 18, 13, 27, 2, 15, 22, 1]","[18, 13, 36, 12, 13, 34, 18, 13, 4, 7, 31, 44, 22, 1]",0.0
1293,"[7, 5, 3, 9, 1, 1, 1, 1, 2, 1, 4, 7, 3, 3, 19, 13, 12, 24, 31, 18, 11, 3, 8, 15, 6, 2, 2, 6, 1, 13, 10, 9, 8, 3, 7, 59, 0]","[12, 12, 1, 1, 5, 4, 10, 3, 8, 11, 13, 12, 9, 15, 17, 14, 13, 5, 22, 15, 10, 20, 10, 17, 3, 42, 24]",0.0
1294,"[8, 15, 11, 5, 4, 4, 24, 7, 20, 4, 3, 8, 7, 1, 2, 5]","[8, 26, 24, 20, 35, 7, 1, 2, 5]",6.25
1295,"[17, 4, 20, 29, 12, 10, 12, 6, 10]","[17, 9, 6, 9, 16, 13, 12, 22, 6, 10]",22.22222222222222
1296,[13],"[4, 9]",0.0
1297,"[6, 7, 30]","[13, 9, 6, 15]",0.0
1298,"[12, 5, 21, 21, 11, 8, 13, 4, 4, 21, 20, 4, 18, 3, 7, 10, 6, 13, 7, 15, 11, 17, 14, 7, 1, 4, 5, 19, 62, 12]","[17, 21, 21, 19, 21, 14, 10, 14, 7, 2, 5, 6, 15, 10, 19, 15, 7, 11, 31, 8, 9, 19, 4, 13, 11, 7, 24, 3, 12]",3.3333333333333335
1299,"[10, 8, 11, 6, 15, 15, 20, 13, 5, 27]","[5, 5, 8, 11, 6, 30, 13, 20, 32]",0.0
1300,"[6, 3, 8, 0]","[6, 11]",25.0
1301,"[17, 21]","[13, 25]",0.0
1302,"[5, 14, 8, 2]","[5, 24]",25.0
1303,"[14, 22]","[14, 22]",100.0
1304,"[3, 8, 3, 8, 16, 5, 0]","[38, 5]",0.0
1305,[40],"[23, 17]",0.0
1306,[28],"[8, 11, 9]",0.0
1307,[17],"[6, 11]",0.0
1308,"[6, 57]","[15, 19, 29]",0.0
1309,[20],"[5, 15]",0.0
1310,"[29, 14, 0]","[29, 14]",66.66666666666666
1311,"[19, 11]","[19, 11]",100.0
1312,"[9, 4, 3]","[7, 8]",0.0
1313,[20],"[5, 15]",0.0
1314,"[22, 12, 5, 4, 2, 6]","[3, 48]",0.0
1315,[18],"[5, 13]",0.0
1316,"[2, 4, 22]","[8, 20]",0.0
1317,[20],"[11, 9]",0.0
1318,[15],"[6, 9]",0.0
1319,"[15, 5, 8, 3, 6]","[10, 21, 6]",0.0
1320,[100],"[22, 56, 22]",0.0
1321,"[4, 21, 4, 5, 4]","[12, 26]",0.0
1322,"[40, 6]","[8, 30, 8]",0.0
1323,"[43, 8, 2, 3]","[4, 52]",0.0
1324,[15],"[6, 9]",0.0
1325,[29],"[21, 8]",0.0
1326,"[7, 1, 10]","[10, 8]",0.0
1327,[26],"[22, 4]",0.0
1328,"[10, 4, 14]","[2, 26]",0.0
1329,"[3, 8, 2, 10]","[3, 5, 6, 9]",25.0
1330,[12],"[1, 11]",0.0
1331,"[5, 6, 5]","[12, 4]",0.0
1332,"[4, 25, 2, 4]","[14, 10, 11]",0.0
1333,"[9, 13, 4]","[17, 9]",0.0
1334,"[32, 22]","[28, 26]",0.0
1335,"[38, 1, 3]","[8, 34]",0.0
1336,"[3, 1, 2, 5]","[4, 7]",0.0
1337,"[2, 39, 10]","[32, 19]",0.0
1338,"[5, 15]","[1, 8, 11]",0.0
1339,"[10, 5, 11, 6, 0]","[1, 5, 9, 11, 6]",20.0
1340,[27],"[5, 22]",0.0
1341,"[26, 27]","[2, 24, 27]",0.0
1342,"[21, 17]","[13, 17, 8]",50.0
1343,"[12, 3, 1, 1, 1, 4]","[5, 2, 15]",0.0
1344,"[10, 7]","[14, 3]",0.0
1345,"[10, 12, 9]","[11, 4, 17]",0.0
1346,[32],"[7, 13, 12]",0.0
1347,"[14, 14, 13, 13]","[34, 20]",0.0
1348,"[4, 14]","[13, 5]",0.0
1349,[30],"[11, 19]",0.0
1350,[16],"[6, 10]",0.0
1351,[18],"[4, 14]",0.0
1352,[20],"[9, 11]",0.0
1353,[11],"[9, 2]",0.0
1354,[20],"[5, 15]",0.0
1355,[7],"[1, 6]",0.0
1356,"[1, 1, 5, 4, 4, 4, 6, 2, 3, 2, 1, 4, 5, 3, 8, 6]","[41, 18]",0.0
1357,"[6, 7, 7, 12, 8]","[20, 20]",0.0
1358,"[8, 9, 5, 5]","[17, 5, 5]",25.0
1359,"[9, 10]","[9, 10]",100.0
1360,"[24, 4]","[24, 4]",100.0
1361,"[16, 20]","[16, 8, 12]",50.0
1362,[13],"[1, 12]",0.0
1363,[19],"[7, 12]",0.0
1364,"[5, 24]","[16, 13]",0.0
1365,"[15, 32]","[7, 24, 16]",0.0
1366,"[4, 8]","[10, 2]",0.0
1367,"[23, 9]","[11, 21]",0.0
1368,"[4, 6, 15, 5]","[25, 5]",0.0
1369,"[20, 7]","[3, 24]",0.0
1370,[27],"[12, 15]",0.0
1371,"[8, 26]","[2, 6, 3, 23]",0.0
1372,"[36, 1, 1]","[8, 13, 17]",0.0
1373,[33],"[15, 18]",0.0
1374,[28],"[8, 20]",0.0
1375,[25],"[12, 13]",0.0
1376,"[2, 17]","[7, 12]",0.0
1377,"[8, 28]","[8, 28]",100.0
1378,[23],"[17, 6]",0.0
1379,[11],"[2, 9]",0.0
1380,"[11, 8]","[11, 8]",100.0
1381,"[10, 30]","[30, 10]",0.0
1382,"[6, 6]","[6, 6]",100.0
1383,[14],"[8, 6]",0.0
1384,"[10, 12]","[10, 12]",100.0
1385,"[21, 4, 53, 1]","[46, 16, 17]",0.0
1386,"[9, 13]","[18, 4]",0.0
1387,"[8, 10, 4]","[8, 14]",33.33333333333333
1388,[7],"[1, 6]",0.0
1389,[11],"[2, 9]",0.0
1390,"[5, 4, 4]","[9, 4]",33.33333333333333
1391,[10],"[4, 6]",0.0
1392,[25],"[6, 9, 10]",0.0
1393,[17],"[9, 8]",0.0
1394,[5],"[4, 1]",0.0
1395,[34],"[16, 18]",0.0
1396,"[30, 4, 4, 17]","[38, 17]",0.0
1397,"[14, 10]","[14, 10]",100.0
1398,"[2, 1, 23, 14, 7]","[7, 19, 14, 7]",0.0
1399,"[4, 14]","[13, 5]",0.0
1400,[30],"[11, 19]",0.0
1401,[16],"[6, 10]",0.0
1402,"[15, 2, 2, 10, 0]","[9, 10, 10]",0.0
1403,"[9, 3, 3, 10]","[22, 3]",25.0
1404,[10],"[4, 6]",0.0
1405,"[22, 1, 1, 5]","[10, 19]",0.0
1406,"[17, 22]","[30, 9]",0.0
1407,"[6, 20]","[6, 20]",100.0
1408,"[11, 11, 16, 4, 10, 27, 6, 9, 8]","[54, 9, 10, 29]",0.0
1409,"[13, 14, 11, 6, 12]","[27, 17, 12]",0.0
1410,"[8, 3, 3, 9]","[8, 15]",25.0
1411,"[27, 6, 15]","[33, 15]",0.0
1412,"[3, 1, 15]","[12, 7]",0.0
1413,"[6, 10]","[11, 5]",0.0
1414,"[4, 7]","[4, 7]",100.0
1415,"[20, 7, 35]","[16, 22, 24]",0.0
1416,"[13, 11]","[13, 11]",100.0
1417,"[2, 3, 3, 24, 4]","[2, 4, 30]",20.0
1418,[20],"[11, 9]",0.0
1419,"[4, 10, 11]","[14, 11]",0.0
1420,[16],"[10, 6]",0.0
1421,"[6, 13]","[6, 13]",100.0
1422,"[11, 1, 3, 3, 7, 30, 30]","[25, 9, 20, 11, 19]",0.0
1423,"[25, 5, 17, 10, 12, 15]","[30, 17, 22, 8, 7]",0.0
1424,"[30, 13, 10]","[17, 36]",0.0
1425,"[10, 6, 11]","[16, 11]",0.0
1426,"[3, 17]","[9, 11]",0.0
1427,"[1, 7, 5, 3, 2, 2, 6, 3]","[3, 26]",0.0
1428,[7],"[2, 5]",0.0
1429,"[5, 37]","[10, 13, 19]",0.0
1430,"[30, 28]","[14, 28, 16]",50.0
1431,"[7, 5, 12, 7, 1, 5, 1, 30, 4]","[38, 10, 24]",0.0
1432,"[21, 12, 23, 9, 15, 10]","[21, 35, 9, 25]",16.666666666666664
1433,"[2, 5, 8, 4]","[2, 17]",25.0
1434,[26],"[15, 11]",0.0
1435,"[15, 12, 3, 3, 4, 22, 8, 2, 5]","[43, 19, 12]",0.0
1436,"[14, 2, 1, 63, 34, 2, 1]","[70, 10, 3, 1, 5, 22, 6]",0.0
1437,"[8, 21, 5, 6, 16]","[24, 20, 13]",0.0
1438,"[13, 19, 8, 12, 1, 6, 2, 13, 1, 3]","[21, 40, 14, 5]",0.0
1439,[59],"[32, 27]",0.0
1440,[32],"[5, 8, 11, 8]",0.0
1441,"[44, 2]","[44, 2]",100.0
1442,"[5, 44, 2, 31, 57, 12, 9, 10, 4, 4, 2, 1, 4]","[31, 15, 13, 3, 44, 26, 24, 22, 1, 6]",0.0
1443,[22],"[17, 5]",0.0
1444,"[10, 1, 4, 14, 24]","[23, 18, 10]",0.0
1445,[40],"[22, 18]",0.0
1446,"[55, 5, 1, 8]","[21, 5, 11, 32]",25.0
1447,[20],"[12, 8]",0.0
1448,"[3, 8, 15, 1, 6]","[26, 7]",0.0
1449,"[36, 12]","[18, 18, 12]",0.0
1450,[19],"[11, 8]",0.0
1451,[41],"[17, 7, 17]",0.0
1452,"[4, 27]","[5, 17, 2, 6]",0.0
1453,[44],"[7, 9, 26, 2]",0.0
1454,"[11, 8, 7, 1, 1, 1, 1, 22, 23]","[25, 6, 7, 5, 17, 4, 10]",11.11111111111111
1455,"[42, 24]","[52, 14]",0.0
1456,"[7, 27, 37, 12]","[12, 4, 14, 8, 24, 21]",0.0
1457,"[30, 4, 9, 5, 1, 16, 26]","[36, 11, 12, 9, 5, 5, 8, 5]",0.0
1458,"[4, 3, 1, 5, 1, 2, 18, 9]","[6, 15, 6, 17]",0.0
1459,[42],"[31, 11]",0.0
1460,[21],"[8, 13]",0.0
1461,"[32, 2, 5]","[27, 12]",0.0
1462,"[26, 26, 31, 4, 35, 19, 11, 14, 16, 5, 33, 17, 10, 7]","[83, 13, 4, 11, 15, 4, 43, 10, 29, 19, 24]",0.0
1463,"[48, 22, 19, 5, 12]","[17, 20, 19, 29, 21]",20.0
1464,"[8, 20, 9]","[11, 6, 19]",0.0
1465,[11],"[5, 6]",0.0
1466,"[22, 25, 1, 1, 6, 12, 49, 23, 19, 4, 21, 2, 3, 10]","[22, 6, 19, 20, 7, 23, 9, 10, 42, 17, 7, 16]",7.142857142857142
1467,[12],"[4, 8]",0.0
1468,"[18, 12]","[18, 3, 9]",50.0
1469,"[10, 14, 37]","[24, 14, 10, 10, 3]",33.33333333333333
1470,[13],"[10, 3]",0.0
1471,"[3, 10, 7, 32, 10, 16, 17, 17]","[21, 14, 6, 22, 50]",0.0
1472,"[8, 1, 1, 30, 22, 5, 7, 15, 12, 12, 16, 6, 6, 9, 12, 8, 30, 4]","[58, 37, 18, 28, 33, 4, 26]",0.0
1473,"[30, 13]","[21, 22]",0.0
1474,[44],"[7, 37]",0.0
1475,"[26, 26, 5]","[26, 32]",33.33333333333333
1476,[9],"[2, 7]",0.0
1477,"[4, 12, 11]","[16, 3, 3, 5]",0.0
1478,"[7, 14, 5]","[12, 14]",33.33333333333333
1479,[11],"[6, 5]",0.0
1480,"[13, 6, 21, 6, 6]","[13, 6, 17, 16]",40.0
1481,"[45, 7, 2, 27, 5, 1, 1, 8, 6, 10]","[15, 6, 6, 13, 24, 14, 35]",0.0
1482,"[1, 2, 5, 96, 7, 10, 80, 35]","[24, 26, 16, 33, 44, 3, 7, 14, 26, 21, 18, 3]",0.0
1483,"[24, 22]","[12, 6, 13, 10, 5]",0.0
1484,[34],"[3, 9, 3, 3, 16]",0.0
1485,"[5, 40, 17, 12, 5]","[26, 19, 34]",0.0
1486,"[14, 26, 25, 11, 50, 8, 11, 3, 16]","[6, 20, 13, 13, 10, 37, 27, 4, 4, 3, 25]",0.0
1487,"[1, 11, 23]","[12, 23]",0.0
1488,[39],"[30, 9]",0.0
1489,"[9, 3, 3, 12, 33, 2, 16, 4, 9, 25]","[27, 31, 19, 22, 10, 7]",0.0
1490,"[20, 6]","[20, 6]",100.0
1491,"[13, 9, 21, 36, 8]","[13, 31, 15, 21, 5, 3]",20.0
1492,"[21, 29]","[21, 12, 7, 10]",50.0
1493,"[8, 47, 31]","[8, 9, 14, 24, 31]",33.33333333333333
1494,"[16, 13, 51, 18]","[56, 11, 1, 20, 9]",0.0
1495,"[14, 13, 36, 4, 8, 5, 6, 27]","[27, 26, 17, 44]",0.0
1496,"[19, 4, 17, 5, 12, 1, 17]","[45, 30]",0.0
1497,"[10, 15, 16, 5, 2, 28, 28]","[14, 27, 18, 45]",0.0
1498,"[10, 9, 5, 7, 5]","[24, 7, 5]",20.0
1499,"[16, 8, 12, 13]","[8, 41]",0.0
1500,"[8, 12, 2, 9, 14, 27, 11, 15, 8]","[45, 18, 9, 26, 2, 6]",0.0
1501,"[11, 8, 22, 5, 5]","[19, 1, 11, 15, 4, 1]",0.0
1502,"[20, 31, 1, 1, 1, 3, 1, 1, 6, 43, 11, 1, 9, 39, 27, 46, 11, 6, 3, 2, 8, 59]","[6, 4, 10, 30, 6, 15, 4, 12, 21, 13, 18, 27, 31, 12, 22, 5, 31, 33, 13, 18]",0.0
1503,"[36, 8, 8, 42, 28, 31, 6]","[14, 19, 14, 5, 21, 7, 23, 23, 15, 18]",0.0
1504,"[2, 3, 3, 2, 10, 6, 10, 7, 5, 8, 6, 5, 3, 1, 3, 3, 4, 3, 5, 8, 32, 4, 31, 0]","[15, 10, 6, 8, 28, 11, 4, 7, 30, 20, 15, 10]",4.166666666666666
1505,"[2, 5, 2, 8]","[7, 10]",0.0
1506,"[1, 3, 7, 5, 9, 4]","[8, 23]",0.0
1507,"[4, 6, 5, 2]","[3, 2, 12]",0.0
1508,"[14, 1, 20, 4]","[14, 3, 4, 19]",25.0
1509,"[20, 10, 5, 5, 17, 6, 21]","[20, 36, 2, 26]",14.285714285714285
1510,"[3, 1, 1, 5, 7, 6, 14]","[6, 31]",0.0
1511,"[6, 8, 9, 2, 5]","[26, 5]",0.0
1512,"[4, 4, 10]","[4, 14]",33.33333333333333
1513,"[7, 9, 9, 12, 3, 4, 8, 3, 4, 9, 6, 6, 19, 5, 2, 7, 1, 26, 2, 8, 9, 5, 13]","[56, 19, 18, 7, 10, 3, 3, 27, 14, 6, 6, 9]",4.3478260869565215
1514,"[8, 7, 4, 42]","[12, 21, 3, 13, 12]",0.0
1515,"[11, 15, 1, 2]","[11, 15, 3]",50.0
1516,"[1, 23, 23, 5, 12, 4, 9, 3, 7, 6, 6, 9, 5, 9, 9, 1, 25, 3, 3]","[8, 39, 13, 3, 12, 9, 7, 5, 3, 2, 7, 4, 19, 1, 24, 7]",5.263157894736842
1517,"[3, 9, 2, 6, 4, 2, 5, 7, 8]","[24, 1, 6, 15]",0.0
1518,"[11, 10, 31, 11, 18, 3, 7, 8, 14, 74, 3]","[11, 14, 11, 1, 8, 3, 24, 1, 27, 3, 24, 16, 9, 16, 23]",18.181818181818183
1519,"[9, 4, 10]","[3, 19]",0.0
1520,"[19, 12, 6, 19, 7, 1, 11, 6, 12, 10, 2, 3, 3, 1, 1, 1, 11, 3, 1, 8, 15, 12, 4, 6, 2, 6, 7, 1, 1, 1, 1, 8, 22, 19, 6, 1, 16, 1, 1, 46, 7, 7, 5, 8, 2, 5, 6, 4, 6, 21]","[31, 3, 7, 7, 15, 1, 3, 3, 11, 9, 7, 3, 1, 6, 7, 24, 1, 11, 27, 6, 12, 6, 13, 9, 20, 6, 12, 9, 2, 38, 5, 19, 5, 47]",6.0
1521,"[15, 1, 3, 2, 1]","[13, 4, 5]",0.0
1522,"[1, 1, 1, 1, 8, 8]","[6, 15]",0.0
1523,"[5, 1, 4, 15, 7, 14]","[11, 10, 27]",0.0
1524,"[6, 6, 16, 7, 4, 1, 14, 1, 1, 25]","[21, 6, 2, 1, 9, 4, 4, 7, 11, 16]",10.0
1525,"[13, 13, 2]","[13, 16]",33.33333333333333
1526,"[15, 9, 12, 1, 1, 25]","[15, 21, 2, 3, 6, 16]",16.666666666666664
1527,"[8, 13, 6, 4, 11, 9, 2, 33]","[27, 6, 15, 5, 6, 8, 3, 16]",0.0
1528,"[14, 3, 20, 1, 14, 6, 1, 18]","[17, 26, 15, 10, 9]",0.0
1529,"[9, 6, 19, 11, 44, 6, 19, 4, 17, 13]","[15, 30, 7, 31, 12, 12, 7, 9, 26]",0.0
1530,"[43, 9, 22, 2, 1]","[52, 5, 19]",0.0
1531,"[2, 1, 10, 4, 13, 16]","[17, 6, 23]",0.0
1532,"[17, 12, 5, 2, 52, 16, 8, 17]","[4, 25, 20, 2, 5, 11, 16, 1, 11, 28, 6]",12.5
1533,"[20, 5, 7, 3]","[16, 4, 15]",0.0
1534,"[3, 11, 15, 1, 5, 21, 7, 4, 5, 2, 4, 7, 4, 20, 11, 11, 27, 7, 2, 10]","[35, 6, 13, 30, 4, 20, 2, 2, 17, 5, 3, 10, 10, 11, 8]",0.0
1535,"[43, 1, 1, 4, 3, 2, 16, 6, 2, 10, 12]","[8, 35, 9, 5, 9, 1, 11, 22]",0.0
1536,"[21, 9]","[29, 1]",0.0
1537,"[8, 11, 14]","[12, 7, 6, 1, 7]",0.0
1538,"[4, 3, 1, 3]","[7, 1, 3]",0.0
1539,"[1, 17, 1, 4]","[1, 2, 4, 3, 2, 5, 2, 4]",25.0
1540,"[22, 11, 1, 2, 13, 1, 2, 5, 9, 5, 4, 8, 9, 1, 8, 9, 1, 8, 11]","[22, 1, 4, 14, 23, 4, 7, 2, 18, 18, 2, 15]",5.263157894736842
1541,"[4, 5, 10, 3, 11, 1, 3, 17]","[9, 24, 8, 12]",0.0
1542,"[2, 5, 9, 5, 7]","[17, 12]",0.0
1543,"[2, 3, 11]","[9, 7]",0.0
1544,"[14, 7, 4, 12, 8, 5, 3, 16, 2, 2, 10, 46, 28, 23, 6, 6, 9, 7]","[18, 1, 18, 5, 5, 9, 2, 9, 6, 2, 41, 10, 7, 13, 17, 3, 26, 16]",5.555555555555555
1545,"[28, 10, 9, 13, 8]","[28, 10, 22, 8]",40.0
1546,"[11, 11, 26, 4, 1, 10, 2, 3]","[22, 5, 13, 28]",0.0
1547,"[7, 23, 8, 9, 2, 12]","[7, 54]",16.666666666666664
1548,"[6, 3, 25]","[9, 25]",0.0
1549,"[22, 17, 1]","[22, 7, 9, 2]",33.33333333333333
1550,[21],"[6, 15]",0.0
1551,"[8, 2, 1, 4, 3, 3, 6, 19]","[15, 31]",0.0
1552,"[17, 23]","[17, 23]",100.0
1553,"[17, 3, 30, 31, 24, 17, 8, 1, 1, 12, 8, 23, 24, 9, 33]","[20, 18, 12, 15, 22, 18, 12, 27, 8, 23, 10, 8, 26, 11, 11]",0.0
1554,"[12, 5, 22, 9]","[17, 16, 15]",0.0
1555,"[6, 13, 5, 14]","[19, 19]",0.0
1556,"[35, 38]","[27, 34, 12]",0.0
1557,"[26, 19]","[7, 19, 19]",50.0
1558,"[24, 18]","[24, 18]",100.0
1559,"[1, 5, 6, 11, 34, 6, 6, 22, 19, 3, 3, 1, 9, 16, 29, 12]","[23, 34, 25, 9, 31, 20, 16, 25]",0.0
1560,"[16, 9, 16, 3, 2, 7]","[27, 26]",0.0
1561,[41],"[11, 17, 13]",0.0
1562,"[11, 18, 52, 12, 19, 21, 40]","[29, 3, 12, 11, 15, 17, 11, 35, 20, 20]",0.0
1563,"[16, 15, 9, 22, 22]","[16, 15, 14, 17, 22]",60.0
1564,"[21, 15, 6, 61]","[36, 2, 9, 12, 8, 5, 7, 12, 12]",0.0
1565,"[9, 3, 8]","[6, 14]",0.0
1566,"[16, 31, 6]","[16, 11, 15, 11]",33.33333333333333
1567,"[3, 23]","[3, 5, 16, 2]",50.0
1568,"[16, 12]","[16, 12]",100.0
1569,"[19, 73]","[19, 20, 20, 13, 20]",50.0
1570,"[60, 9, 47, 11, 29]","[8, 22, 30, 20, 13, 34, 11, 18]",0.0
1571,"[5, 14, 11, 1, 2, 12]","[33, 12]",0.0
1572,"[9, 19, 36, 10]","[28, 13, 33]",0.0
1573,"[28, 41, 1, 7, 2, 14, 18, 6]","[28, 13, 52, 9, 15]",12.5
1574,"[16, 26]","[16, 26]",100.0
1575,[37],"[19, 10, 8]",0.0
1576,"[13, 10, 18]","[23, 18]",0.0
1577,"[13, 8]","[8, 13]",0.0
1578,"[8, 8, 10]","[8, 18]",33.33333333333333
1579,"[22, 25]","[22, 25]",100.0
1580,"[13, 36, 21, 36]","[27, 22, 21, 21, 15]",25.0
1581,[17],"[13, 4]",0.0
1582,"[15, 10, 24, 13, 10, 20, 1, 1, 1, 15, 43, 42, 13, 6, 10, 20, 2, 7, 19, 16, 14, 35, 3, 5, 3, 4, 7, 12, 6, 24, 9, 59, 19, 6, 26, 50, 33, 26, 29, 28, 3, 17, 32, 10]","[15, 10, 12, 3, 6, 5, 21, 9, 14, 15, 9, 9, 12, 13, 19, 6, 12, 18, 16, 10, 19, 19, 7, 29, 22, 15, 14, 29, 22, 12, 14, 21, 12, 6, 7, 12, 10, 16, 19, 50, 14, 9, 17, 11, 9, 17, 5, 15, 40, 22]",9.090909090909092
1583,"[14, 36, 3, 4, 24, 12, 12, 1, 2, 13, 34, 8, 7, 2, 3, 1, 9]","[14, 25, 18, 24, 10, 40, 8, 29, 17]",5.88235294117647
1584,"[25, 9, 21, 9, 17, 4, 11, 16, 22, 44, 20, 15, 27, 25, 10, 10, 6, 17, 7, 19, 39, 8, 20, 9, 37, 20, 5, 42, 12, 14, 33, 14, 12, 22, 25, 38, 38, 9, 19, 11, 37, 9, 4, 20, 26, 30, 10, 24, 17, 6, 8, 34, 10, 2, 18, 2, 4, 14, 14, 7, 17, 29, 31, 6]","[25, 9, 9, 21, 21, 27, 31, 28, 20, 22, 15, 27, 10, 10, 10, 14, 9, 7, 7, 12, 19, 20, 8, 7, 13, 9, 12, 25, 12, 8, 20, 6, 21, 12, 14, 18, 15, 37, 5, 19, 12, 10, 39, 15, 21, 8, 39, 20, 19, 14, 9, 17, 14, 26, 14, 27, 22, 21, 15, 2, 12, 17, 9, 14, 13, 26, 23, 15, 13]",7.8125
1585,"[15, 4, 3, 6, 12, 19, 54, 37, 24, 23, 21, 14, 15, 20, 17, 25, 3, 3, 10, 19, 19, 58, 12, 8, 38, 15, 10, 9, 62, 25, 11, 5, 5, 3, 20, 16, 12, 6, 20, 2, 9, 10, 6, 5, 17, 8, 11, 14, 10, 13, 26, 10, 51, 33, 38, 5, 14, 7, 5, 13, 3, 28, 12, 10, 8, 9, 35, 9, 12, 17, 59, 5, 14, 5, 30, 13, 15, 13, 18, 15, 44, 4, 32, 1, 1, 15, 6, 1, 11, 27, 24, 5, 21, 9, 5, 8, 10, 21, 14, 4, 5, 5, 17, 5, 7, 24, 48, 10, 34, 23, 28, 16, 27, 37, 7, 19, 18, 4, 13, 19, 8, 8, 2, 23, 18, 15, 12, 13, 2, 20, 20, 27, 42, 10, 31, 3, 2, 1, 2, 13, 9, 22, 17, 30, 3, 28, 14, 12, 7, 29, 43, 22, 24, 16, 15, 7, 17]","[59, 17, 23, 14, 29, 8, 7, 6, 11, 23, 25, 10, 15, 9, 11, 17, 18, 13, 38, 10, 19, 18, 13, 37, 14, 15, 22, 18, 25, 16, 9, 13, 51, 11, 13, 7, 8, 21, 37, 17, 8, 20, 5, 10, 13, 15, 4, 7, 10, 12, 39, 20, 13, 14, 13, 30, 18, 10, 28, 18, 12, 19, 14, 11, 26, 23, 16, 19, 44, 40, 11, 13, 28, 28, 21, 4, 18, 48, 20, 7, 17, 7, 15, 32, 10, 17, 12, 10, 15, 12, 5, 7, 14, 10, 14, 13, 21, 3, 7, 18, 16, 13, 10, 7, 13, 8, 24, 9, 10, 11, 13, 13, 21, 5, 15, 12, 7, 19, 8, 21, 12, 18, 20, 20, 27, 30, 12, 23, 29, 20, 19, 15, 34, 25, 35, 13, 33, 16, 13, 11, 12, 20, 30, 16, 22, 9, 7, 17]",4.45859872611465
1586,"[25, 4, 26]","[25, 4, 26]",100.0
1587,"[9, 4, 11, 7, 19, 14, 13, 22, 11, 8, 16, 26, 10, 11, 8, 15, 16, 7, 1, 27, 47, 22, 7, 3, 9, 4, 24, 23, 9, 24, 5, 9, 10, 51, 10, 19, 20, 13, 29, 2, 4, 35, 7, 18, 12, 21, 30, 58, 25, 45, 43, 26, 20, 2, 16, 6, 10, 1, 1, 15, 1, 3, 6, 3, 8, 10, 9, 1, 4, 2, 6, 10, 24, 30, 5, 15, 6, 9, 8, 3, 28, 19, 2, 2, 8, 25, 12, 21, 21, 16, 4, 25, 4, 20, 6, 5, 8, 2, 6, 9, 32, 26, 14, 18, 2, 12, 14, 17, 6, 33, 34, 9, 25, 1, 6, 3, 21, 84, 7, 25, 13, 8, 6, 7, 12, 5, 4, 1, 2, 3, 2, 2, 8, 2, 6, 7, 16, 18, 2, 3, 1, 2, 19, 5, 21, 37, 1, 7, 9, 9, 7, 14, 12, 23, 27, 9, 6]","[50, 27, 9, 32, 16, 15, 11, 5, 19, 33, 17, 21, 33, 36, 10, 13, 8, 16, 23, 9, 10, 19, 9, 10, 16, 23, 12, 10, 19, 7, 26, 10, 18, 7, 11, 16, 8, 7, 11, 14, 9, 17, 16, 14, 15, 31, 28, 9, 21, 41, 26, 10, 16, 29, 9, 6, 9, 37, 47, 6, 28, 17, 11, 9, 26, 5, 23, 19, 30, 19, 30, 26, 15, 28, 23, 34, 19, 4, 13, 13, 5, 4, 13, 10, 2, 16, 16, 17, 15, 22, 18, 21, 12, 20, 14, 10, 29, 22, 15, 60, 31, 24, 14, 31, 21, 22, 10, 24, 24, 40, 7, 15, 10, 10, 8, 25, 9]",1.910828025477707
